John,Doe0
Jane,Doe1
John,Doe2
Jane,Doe3
John,Doe4
Jane,Doe5
John,Doe6
Jane,Doe7
John,Doe8
Jane,Doe9
John,Doe10
Jane,Doe11
John,Doe12
Jane,Doe13
John,Doe14
Jane,Doe15
John,Doe16
Jane,Doe17
John,Doe18
Jane,Doe19
John,Doe20
Jane,Doe21
John,Doe22
Jane,Doe23
John,Doe24
Jane,Doe25
John,Doe26
Jane,Doe27
John,Doe28
Jane,Doe29
John,Doe30
Jane,Doe31
John,Doe32
Jane,Doe33
John,Doe34
Jane,Doe35
John,Doe36
Jane,Doe37
John,Doe38
Jane,Doe39
John,Doe40
Jane,Doe41
John,Doe42
Jane,Doe43
John,Doe44
Jane,Doe45
John,Doe46
Jane,Doe47
John,Doe48
Jane,Doe49
John,Doe50
Jane,Doe51
John,Doe52
Jane,Doe53
John,Doe54
Jane,Doe55
John,Doe56
Jane,Doe57
John,Doe58
Jane,Doe59
John,Doe60
Jane,Doe61
John,Doe62
Jane,Doe63
John,Doe64
Jane,Doe65
John,Doe66
Jane,Doe67
John,Doe68
Jane,Doe69
John,Doe70
Jane,Doe71
John,Doe72
Jane,Doe73
John,Doe74
Jane,Doe75
John,Doe76
Jane,Doe77
John,Doe78
Jane,Doe79
John,Doe80
Jane,Doe81
John,Doe82
Jane,Doe83
John,Doe84
Jane,Doe85
John,Doe86
Jane,Doe87
John,Doe88
Jane,Doe89
John,Doe90
Jane,Doe91
John,Doe92
Jane,Doe93
John,Doe94
Jane,Doe95
John,Doe96
Jane,Doe97
John,Doe98
Jane,Doe99
John,Doe100
Jane,Doe101
John,Doe102
Jane,Doe103
John,Doe104
Jane,Doe105
John,Doe106
Jane,Doe107
John,Doe108
Jane,Doe109
John,Doe110
Jane,Doe111
John,Doe112
Jane,Doe113
John,Doe114
Jane,Doe115
John,Doe116
Jane,Doe117
John,Doe118
Jane,Doe119
John,Doe120
Jane,Doe121
John,Doe122
Jane,Doe123
John,Doe124
Jane,Doe125
John,Doe126
Jane,Doe127
John,Doe128
Jane,Doe129
John,Doe130
Jane,Doe131
John,Doe132
Jane,Doe133
John,Doe134
Jane,Doe135
John,Doe136
Jane,Doe137
John,Doe138
Jane,Doe139
John,Doe140
Jane,Doe141
John,Doe142
Jane,Doe143
John,Doe144
Jane,Doe145
John,Doe146
Jane,Doe147
John,Doe148
Jane,Doe149
John,Doe150
Jane,Doe151
John,Doe152
Jane,Doe153
John,Doe154
Jane,Doe155
John,Doe156
Jane,Doe157
John,Doe158
Jane,Doe159
John,Doe160
Jane,Doe161
John,Doe162
Jane,Doe163
John,Doe164
Jane,Doe165
John,Doe166
Jane,Doe167
John,Doe168
Jane,Doe169
John,Doe170
Jane,Doe171
John,Doe172
Jane,Doe173
John,Doe174
Jane,Doe175
John,Doe176
Jane,Doe177
John,Doe178
Jane,Doe179
John,Doe180
Jane,Doe181
John,Doe182
Jane,Doe183
John,Doe184
Jane,Doe185
John,Doe186
Jane,Doe187
John,Doe188
Jane,Doe189
John,Doe190
Jane,Doe191
John,Doe192
Jane,Doe193
John,Doe194
Jane,Doe195
John,Doe196
Jane,Doe197
John,Doe198
Jane,Doe199
John,Doe200
Jane,Doe201
John,Doe202
Jane,Doe203
John,Doe204
Jane,Doe205
John,Doe206
Jane,Doe207
John,Doe208
Jane,Doe209
John,Doe210
Jane,Doe211
John,Doe212
Jane,Doe213
John,Doe214
Jane,Doe215
John,Doe216
Jane,Doe217
John,Doe218
Jane,Doe219
John,Doe220
Jane,Doe221
John,Doe222
Jane,Doe223
John,Doe224
Jane,Doe225
John,Doe226
Jane,Doe227
John,Doe228
Jane,Doe229
John,Doe230
Jane,Doe231
John,Doe232
Jane,Doe233
John,Doe234
Jane,Doe235
John,Doe236
Jane,Doe237
John,Doe238
Jane,Doe239
John,Doe240
Jane,Doe241
John,Doe242
Jane,Doe243
John,Doe244
Jane,Doe245
John,Doe246
Jane,Doe247
John,Doe248
Jane,Doe249
John,Doe250
Jane,Doe251
John,Doe252
John,Doe253
Jane,Doe254
John,Doe255
Jane,Doe256
John,Doe257
Jane,Doe258
John,Doe259
Jane,Doe260
John,Doe261
Jane,Doe262
John,Doe263
Jane,Doe264
John,Doe265
Jane,Doe266
John,Doe267
Jane,Doe268
John,Doe269
Jane,Doe270
John,Doe271
Jane,Doe272
John,Doe273
Jane,Doe274
John,Doe275
Jane,Doe276
John,Doe277
Jane,Doe278
John,Doe279
Jane,Doe280
John,Doe281
Jane,Doe282
John,Doe283
Jane,Doe284
John,Doe285
Jane,Doe286
John,Doe287
Jane,Doe288
John,Doe289
John,Doe290
Jane,Doe291
John,Doe292
Jane,Doe293
John,Doe294
Jane,Doe295
John,Doe296
Jane,Doe297
John,Doe298
Jane,Doe299
John,Doe300
Jane,Doe301
John,Doe302
Jane,Doe303
John,Doe304
Jane,Doe305
John,Doe306
Jane,Doe307
John,Doe308
Jane,Doe309
John,Doe310
Jane,Doe311
John,Doe312
Jane,Doe313
John,Doe314
Jane,Doe315
John,Doe316
Jane,Doe317
John,Doe318
Jane,Doe319
John,Doe320
Jane,Doe321
John,Doe322
Jane,Doe323
John,Doe324
Jane,Doe325
John,Doe326
John,Doe327
Jane,Doe328
John,Doe329
Jane,Doe330
John,Doe331
Jane,Doe332
John,Doe333
Jane,Doe334
John,Doe335
Jane,Doe336
John,Doe337
Jane,Doe338
John,Doe339
Jane,Doe340
John,Doe341
Jane,Doe342
John,Doe343
Jane,Doe344
John,Doe345
Jane,Doe346
John,Doe347
Jane,Doe348
John,Doe349
Jane,Doe350
John,Doe351
Jane,Doe352
John,Doe353
Jane,Doe354
John,Doe355
Jane,Doe356
John,Doe357
Jane,Doe358
John,Doe359
Jane,Doe360
John,Doe361
Jane,Doe362
John,Doe363
John,Doe364
Jane,Doe365
John,Doe366
Jane,Doe367
John,Doe368
Jane,Doe369
John,Doe370
Jane,Doe371
John,Doe372
Jane,Doe373
John,Doe374
Jane,Doe375
John,Doe376
Jane,Doe377
John,Doe378
Jane,Doe379
John,Doe380
Jane,Doe381
John,Doe382
Jane,Doe383
John,Doe384
Jane,Doe385
John,Doe386
Jane,Doe387
John,Doe388
Jane,Doe389
John,Doe390
Jane,Doe391
John,Doe392
Jane,Doe393
John,Doe394
Jane,Doe395
John,Doe396
Jane,Doe397
John,Doe398
Jane,Doe399
John,Doe400
John,Doe401
Jane,Doe402
John,Doe403
Jane,Doe404
John,Doe405
Jane,Doe406
John,Doe407
Jane,Doe408
John,Doe409
Jane,Doe410
John,Doe411
Jane,Doe412
John,Doe413
Jane,Doe414
John,Doe415
Jane,Doe416
John,Doe417
Jane,Doe418
John,Doe419
Jane,Doe420
John,Doe421
Jane,Doe422
John,Doe423
Jane,Doe424
John,Doe425
Jane,Doe426
John,Doe427
Jane,Doe428
John,Doe429
Jane,Doe430
John,Doe431
Jane,Doe432
John,Doe433
Jane,Doe434
John,Doe435
Jane,Doe436
John,Doe437
John,Doe438
Jane,Doe439
John,Doe440
Jane,Doe441
John,Doe442
Jane,Doe443
John,Doe444
Jane,Doe445
John,Doe446
Jane,Doe447
John,Doe448
Jane,Doe449
John,Doe450
Jane,Doe451
John,Doe452
Jane,Doe453
John,Doe454
Jane,Doe455
John,Doe456
Jane,Doe457
John,Doe458
Jane,Doe459
John,Doe460
Jane,Doe461
John,Doe462
Jane,Doe463
John,Doe464
Jane,Doe465
John,Doe466
Jane,Doe467
John,Doe468
Jane,Doe469
John,Doe470
Jane,Doe471
John,Doe472
Jane,Doe473
John,Doe474
John,Doe475
Jane,Doe476
John,Doe477
Jane,Doe478
John,Doe479
Jane,Doe480
John,Doe481
Jane,Doe482
John,Doe483
Jane,Doe484
John,Doe485
Jane,Doe486
John,Doe487
Jane,Doe488
John,Doe489
Jane,Doe490
John,Doe491
Jane,Doe492
John,Doe493
Jane,Doe494
John,Doe495
Jane,Doe496
John,Doe497
Jane,Doe498
John,Doe499
Jane,Doe500
John,Doe501
Jane,Doe502
John,Doe503
Jane,Doe504
John,Doe505
Jane,Doe506
John,Doe507
Jane,Doe508
John,Doe509
Jane,Doe510
John,Doe511
Jane,Doe512
John,Doe513
Jane,Doe514
John,Doe515
Jane,Doe516
John,Doe517
Jane,Doe518
John,Doe519
Jane,Doe520
John,Doe521
Jane,Doe522
John,Doe523
Jane,Doe524
John,Doe525
Jane,Doe526
John,Doe527
Jane,Doe528
John,Doe529
Jane,Doe530
John,Doe531
Jane,Doe532
John,Doe533
Jane,Doe534
John,Doe535
Jane,Doe536
John,Doe537
Jane,Doe538
John,Doe539
Jane,Doe540
John,Doe541
Jane,Doe542
John,Doe543
Jane,Doe544
John,Doe545
Jane,Doe546
John,Doe547
Jane,Doe548
John,Doe549
Jane,Doe550
John,Doe551
Jane,Doe552
John,Doe553
Jane,Doe554
John,Doe555
Jane,Doe556
John,Doe557
Jane,Doe558
John,Doe559
Jane,Doe560
John,Doe561
Jane,Doe562
John,Doe563
Jane,Doe564
John,Doe565
Jane,Doe566
John,Doe567
Jane,Doe568
John,Doe569
Jane,Doe570
John,Doe571
Jane,Doe572
John,Doe573
Jane,Doe574
John,Doe575
Jane,Doe576
John,Doe577
Jane,Doe578
John,Doe579
Jane,Doe580
John,Doe581
Jane,Doe582
John,Doe583
Jane,Doe584
John,Doe585
Jane,Doe586
John,Doe587
Jane,Doe588
John,Doe589
Jane,Doe590
John,Doe591
Jane,Doe592
John,Doe593
Jane,Doe594
John,Doe595
Jane,Doe596
John,Doe597
Jane,Doe598
John,Doe599
Jane,Doe600
John,Doe601
Jane,Doe602
John,Doe603
Jane,Doe604
John,Doe605
Jane,Doe606
John,Doe607
Jane,Doe608
John,Doe609
Jane,Doe610
John,Doe611
Jane,Doe612
John,Doe613
Jane,Doe614
John,Doe615
Jane,Doe616
John,Doe617
Jane,Doe618
John,Doe619
Jane,Doe620
John,Doe621
Jane,Doe622
John,Doe623
Jane,Doe624
John,Doe625
Jane,Doe626
John,Doe627
Jane,Doe628
John,Doe629
Jane,Doe630
John,Doe631
Jane,Doe632
John,Doe633
Jane,Doe634
John,Doe635
Jane,Doe636
John,Doe637
Jane,Doe638
John,Doe639
Jane,Doe640
John,Doe641
Jane,Doe642
John,Doe643
Jane,Doe644
John,Doe645
Jane,Doe646
John,Doe647
Jane,Doe648
John,Doe649
Jane,Doe650
John,Doe651
Jane,Doe652
John,Doe653
Jane,Doe654
John,Doe655
Jane,Doe656
John,Doe657
Jane,Doe658
John,Doe659
Jane,Doe660
John,Doe661
Jane,Doe662
John,Doe663
Jane,Doe664
John,Doe665
Jane,Doe666
John,Doe667
Jane,Doe668
John,Doe669
Jane,Doe670
John,Doe671
Jane,Doe672
John,Doe673
Jane,Doe674
John,Doe675
Jane,Doe676
John,Doe677
Jane,Doe678
John,Doe679
Jane,Doe680
John,Doe681
Jane,Doe682
John,Doe683
Jane,Doe684
John,Doe685
Jane,Doe686
John,Doe687
Jane,Doe688
John,Doe689
Jane,Doe690
John,Doe691
Jane,Doe692
John,Doe693
Jane,Doe694
John,Doe695
Jane,Doe696
John,Doe697
Jane,Doe698
John,Doe699
Jane,Doe700
John,Doe701
Jane,Doe702
John,Doe703
Jane,Doe704
John,Doe705
Jane,Doe706
John,Doe707
Jane,Doe708
John,Doe709
Jane,Doe710
John,Doe711
Jane,Doe712
John,Doe713
Jane,Doe714
John,Doe715
Jane,Doe716
John,Doe717
Jane,Doe718
John,Doe719
Jane,Doe720
John,Doe721
Jane,Doe722
John,Doe723
Jane,Doe724
John,Doe725
Jane,Doe726
John,Doe727
John,Doe728
Jane,Doe729
John,Doe730
Jane,Doe731
John,Doe732
Jane,Doe733
John,Doe734
Jane,Doe735
John,Doe736
Jane,Doe737
John,Doe738
Jane,Doe739
John,Doe740
Jane,Doe741
John,Doe742
Jane,Doe743
John,Doe744
Jane,Doe745
John,Doe746
Jane,Doe747
John,Doe748
Jane,Doe749
John,Doe750
Jane,Doe751
John,Doe752
Jane,Doe753
John,Doe754
Jane,Doe755
John,Doe756
Jane,Doe757
John,Doe758
Jane,Doe759
John,Doe760
Jane,Doe761
John,Doe762
Jane,Doe763
John,Doe764
John,Doe765
Jane,Doe766
John,Doe767
Jane,Doe768
John,Doe769
Jane,Doe770
John,Doe771
Jane,Doe772
John,Doe773
Jane,Doe774
John,Doe775
Jane,Doe776
John,Doe777
Jane,Doe778
John,Doe779
Jane,Doe780
John,Doe781
Jane,Doe782
John,Doe783
Jane,Doe784
John,Doe785
Jane,Doe786
John,Doe787
Jane,Doe788
John,Doe789
Jane,Doe790
John,Doe791
Jane,Doe792
John,Doe793
Jane,Doe794
John,Doe795
Jane,Doe796
John,Doe797
Jane,Doe798
John,Doe799
Jane,Doe800
John,Doe801
John,Doe802
Jane,Doe803
John,Doe804
Jane,Doe805
John,Doe806
Jane,Doe807
John,Doe808
Jane,Doe809
John,Doe810
Jane,Doe811
John,Doe812
Jane,Doe813
John,Doe814
Jane,Doe815
John,Doe816
Jane,Doe817
John,Doe818
Jane,Doe819
John,Doe820
Jane,Doe821
John,Doe822
Jane,Doe823
John,Doe824
Jane,Doe825
John,Doe826
Jane,Doe827
John,Doe828
Jane,Doe829
John,Doe830
Jane,Doe831
John,Doe832
Jane,Doe833
John,Doe834
Jane,Doe835
John,Doe836
Jane,Doe837
John,Doe838
John,Doe839
Jane,Doe840
John,Doe841
Jane,Doe842
John,Doe843
Jane,Doe844
John,Doe845
Jane,Doe846
John,Doe847
Jane,Doe848
John,Doe849
Jane,Doe850
John,Doe851
Jane,Doe852
John,Doe853
Jane,Doe854
John,Doe855
Jane,Doe856
John,Doe857
Jane,Doe858
John,Doe859
Jane,Doe860
John,Doe861
Jane,Doe862
John,Doe863
Jane,Doe864
John,Doe865
Jane,Doe866
John,Doe867
Jane,Doe868
John,Doe869
Jane,Doe870
John,Doe871
Jane,Doe872
John,Doe873
Jane,Doe874
John,Doe875
John,Doe876
Jane,Doe877
John,Doe878
Jane,Doe879
John,Doe880
Jane,Doe881
John,Doe882
Jane,Doe883
John,Doe884
Jane,Doe885
John,Doe886
Jane,Doe887
John,Doe888
Jane,Doe889
John,Doe890
Jane,Doe891
John,Doe892
Jane,Doe893
John,Doe894
Jane,Doe895
John,Doe896
Jane,Doe897
John,Doe898
Jane,Doe899
John,Doe900
Jane,Doe901
John,Doe902
Jane,Doe903
John,Doe904
Jane,Doe905
John,Doe906
Jane,Doe907
John,Doe908
Jane,Doe909
John,Doe910
Jane,Doe911
John,Doe912
John,Doe913
Jane,Doe914
John,Doe915
Jane,Doe916
John,Doe917
Jane,Doe918
John,Doe919
Jane,Doe920
John,Doe921
Jane,Doe922
John,Doe923
Jane,Doe924
John,Doe925
Jane,Doe926
John,Doe927
Jane,Doe928
John,Doe929
Jane,Doe930
John,Doe931
Jane,Doe932
John,Doe933
Jane,Doe934
John,Doe935
Jane,Doe936
John,Doe937
Jane,Doe938
John,Doe939
Jane,Doe940
John,Doe941
Jane,Doe942
John,Doe943
Jane,Doe944
John,Doe945
Jane,Doe946
John,Doe947
Jane,Doe948
John,Doe949
John,Doe950
Jane,Doe951
John,Doe952
Jane,Doe953
John,Doe954
Jane,Doe955
John,Doe956
Jane,Doe957
John,Doe958
Jane,Doe959
John,Doe960
Jane,Doe961
John,Doe962
Jane,Doe963
John,Doe964
Jane,Doe965
John,Doe966
Jane,Doe967
John,Doe968
Jane,Doe969
John,Doe970
Jane,Doe971
John,Doe972
Jane,Doe973
John,Doe974
Jane,Doe975
John,Doe976
Jane,Doe977
John,Doe978
Jane,Doe979
John,Doe980
Jane,Doe981
John,Doe982
Jane,Doe983
John,Doe984
Jane,Doe985
John,Doe986
Jane,Doe987
John,Doe988
Jane,Doe989
John,Doe990
Jane,Doe991
John,Doe992
Jane,Doe993
John,Doe994
Jane,Doe995
John,Doe996
Jane,Doe997
John,Doe998
Jane,Doe999
John,Doe1000
Jane,Doe1001
John,Doe1002
Jane,Doe1003
John,Doe1004
Jane,Doe1005
John,Doe1006
Jane,Doe1007
John,Doe1008
Jane,Doe1009
John,Doe1010
Jane,Doe1011
John,Doe1012
Jane,Doe1013
John,Doe1014
Jane,Doe1015
John,Doe1016
Jane,Doe1017
John,Doe1018
Jane,Doe1019
John,Doe1020
Jane,Doe1021
John,Doe1022
Jane,Doe1023
John,Doe1024
Jane,Doe1025
John,Doe1026
Jane,Doe1027
John,Doe1028
Jane,Doe1029
John,Doe1030
Jane,Doe1031
John,Doe1032
Jane,Doe1033
John,Doe1034
Jane,Doe1035
John,Doe1036
Jane,Doe1037
John,Doe1038
Jane,Doe1039
John,Doe1040
Jane,Doe1041
John,Doe1042
Jane,Doe1043
John,Doe1044
Jane,Doe1045
John,Doe1046
Jane,Doe1047
John,Doe1048
Jane,Doe1049
John,Doe1050
Jane,Doe1051
John,Doe1052
Jane,Doe1053
John,Doe1054
Jane,Doe1055
John,Doe1056
Jane,Doe1057
John,Doe1058
Jane,Doe1059
John,Doe1060
Jane,Doe1061
John,Doe1062
Jane,Doe1063
John,Doe1064
Jane,Doe1065
John,Doe1066
Jane,Doe1067
John,Doe1068
Jane,Doe1069
John,Doe1070
Jane,Doe1071
John,Doe1072
Jane,Doe1073
John,Doe1074
Jane,Doe1075
John,Doe1076
Jane,Doe1077
John,Doe1078
Jane,Doe1079
John,Doe1080
Jane,Doe1081
John,Doe1082
Jane,Doe1083
John,Doe1084
Jane,Doe1085
John,Doe1086
Jane,Doe1087
John,Doe1088
Jane,Doe1089
John,Doe1090
Jane,Doe1091
John,Doe1092
Jane,Doe1093
John,Doe1094
Jane,Doe1095
John,Doe1096
Jane,Doe1097
John,Doe1098
Jane,Doe1099
John,Doe1100
Jane,Doe1101
John,Doe1102
Jane,Doe1103
John,Doe1104
Jane,Doe1105
John,Doe1106
Jane,Doe1107
John,Doe1108
Jane,Doe1109
John,Doe1110
Jane,Doe1111
John,Doe1112
Jane,Doe1113
John,Doe1114
Jane,Doe1115
John,Doe1116
Jane,Doe1117
John,Doe1118
Jane,Doe1119
John,Doe1120
Jane,Doe1121
John,Doe1122
Jane,Doe1123
John,Doe1124
Jane,Doe1125
John,Doe1126
Jane,Doe1127
John,Doe1128
Jane,Doe1129
John,Doe1130
Jane,Doe1131
John,Doe1132
Jane,Doe1133
John,Doe1134
Jane,Doe1135
John,Doe1136
Jane,Doe1137
John,Doe1138
Jane,Doe1139
John,Doe1140
Jane,Doe1141
John,Doe1142
Jane,Doe1143
John,Doe1144
Jane,Doe1145
John,Doe1146
Jane,Doe1147
John,Doe1148
Jane,Doe1149
John,Doe1150
Jane,Doe1151
John,Doe1152
Jane,Doe1153
John,Doe1154
Jane,Doe1155
John,Doe1156
Jane,Doe1157
John,Doe1158
Jane,Doe1159
John,Doe1160
Jane,Doe1161
John,Doe1162
Jane,Doe1163
John,Doe1164
Jane,Doe1165
John,Doe1166
Jane,Doe1167
John,Doe1168
Jane,Doe1169
John,Doe1170
Jane,Doe1171
John,Doe1172
Jane,Doe1173
John,Doe1174
Jane,Doe1175
John,Doe1176
Jane,Doe1177
John,Doe1178
Jane,Doe1179
John,Doe1180
Jane,Doe1181
John,Doe1182
Jane,Doe1183
John,Doe1184
Jane,Doe1185
John,Doe1186
Jane,Doe1187
John,Doe1188
Jane,Doe1189
John,Doe1190
Jane,Doe1191
John,Doe1192
Jane,Doe1193
John,Doe1194
Jane,Doe1195
John,Doe1196
Jane,Doe1197
John,Doe1198
Jane,Doe1199
John,Doe1200
Jane,Doe1201
John,Doe1202
John,Doe1203
Jane,Doe1204
John,Doe1205
Jane,Doe1206
John,Doe1207
Jane,Doe1208
John,Doe1209
Jane,Doe1210
John,Doe1211
Jane,Doe1212
John,Doe1213
Jane,Doe1214
John,Doe1215
Jane,Doe1216
John,Doe1217
Jane,Doe1218
John,Doe1219
Jane,Doe1220
John,Doe1221
Jane,Doe1222
John,Doe1223
Jane,Doe1224
John,Doe1225
Jane,Doe1226
John,Doe1227
Jane,Doe1228
John,Doe1229
Jane,Doe1230
John,Doe1231
Jane,Doe1232
John,Doe1233
Jane,Doe1234
John,Doe1235
Jane,Doe1236
John,Doe1237
Jane,Doe1238
John,Doe1239
John,Doe1240
Jane,Doe1241
John,Doe1242
Jane,Doe1243
John,Doe1244
Jane,Doe1245
John,Doe1246
Jane,Doe1247
John,Doe1248
Jane,Doe1249
John,Doe1250
Jane,Doe1251
John,Doe1252
Jane,Doe1253
John,Doe1254
Jane,Doe1255
John,Doe1256
Jane,Doe1257
John,Doe1258
Jane,Doe1259
John,Doe1260
Jane,Doe1261
John,Doe1262
Jane,Doe1263
John,Doe1264
Jane,Doe1265
John,Doe1266
Jane,Doe1267
John,Doe1268
Jane,Doe1269
John,Doe1270
Jane,Doe1271
John,Doe1272
Jane,Doe1273
John,Doe1274
Jane,Doe1275
John,Doe1276
John,Doe1277
Jane,Doe1278
John,Doe1279
Jane,Doe1280
John,Doe1281
Jane,Doe1282
John,Doe1283
Jane,Doe1284
John,Doe1285
Jane,Doe1286
John,Doe1287
Jane,Doe1288
John,Doe1289
Jane,Doe1290
John,Doe1291
Jane,Doe1292
John,Doe1293
Jane,Doe1294
John,Doe1295
Jane,Doe1296
John,Doe1297
Jane,Doe1298
John,Doe1299
Jane,Doe1300
John,Doe1301
Jane,Doe1302
John,Doe1303
Jane,Doe1304
John,Doe1305
Jane,Doe1306
John,Doe1307
Jane,Doe1308
John,Doe1309
Jane,Doe1310
John,Doe1311
Jane,Doe1312
John,Doe1313
John,Doe1314
Jane,Doe1315
John,Doe1316
Jane,Doe1317
John,Doe1318
Jane,Doe1319
John,Doe1320
Jane,Doe1321
John,Doe1322
Jane,Doe1323
John,Doe1324
Jane,Doe1325
John,Doe1326
Jane,Doe1327
John,Doe1328
Jane,Doe1329
John,Doe1330
Jane,Doe1331
John,Doe1332
Jane,Doe1333
John,Doe1334
Jane,Doe1335
John,Doe1336
Jane,Doe1337
John,Doe1338
Jane,Doe1339
John,Doe1340
Jane,Doe1341
John,Doe1342
Jane,Doe1343
John,Doe1344
Jane,Doe1345
John,Doe1346
Jane,Doe1347
John,Doe1348
Jane,Doe1349
John,Doe1350
John,Doe1351
Jane,Doe1352
John,Doe1353
Jane,Doe1354
John,Doe1355
Jane,Doe1356
John,Doe1357
Jane,Doe1358
John,Doe1359
Jane,Doe1360
John,Doe1361
Jane,Doe1362
John,Doe1363
Jane,Doe1364
John,Doe1365
Jane,Doe1366
John,Doe1367
Jane,Doe1368
John,Doe1369
Jane,Doe1370
John,Doe1371
Jane,Doe1372
John,Doe1373
Jane,Doe1374
John,Doe1375
Jane,Doe1376
John,Doe1377
Jane,Doe1378
John,Doe1379
Jane,Doe1380
John,Doe1381
Jane,Doe1382
John,Doe1383
Jane,Doe1384
John,Doe1385
Jane,Doe1386
John,Doe1387
John,Doe1388
Jane,Doe1389
John,Doe1390
Jane,Doe1391
John,Doe1392
Jane,Doe1393
John,Doe1394
Jane,Doe1395
John,Doe1396
Jane,Doe1397
John,Doe1398
Jane,Doe1399
John,Doe1400
Jane,Doe1401
John,Doe1402
Jane,Doe1403
John,Doe1404
Jane,Doe1405
John,Doe1406
Jane,Doe1407
John,Doe1408
Jane,Doe1409
John,Doe1410
Jane,Doe1411
John,Doe1412
Jane,Doe1413
John,Doe1414
Jane,Doe1415
John,Doe1416
Jane,Doe1417
John,Doe1418
Jane,Doe1419
John,Doe1420
Jane,Doe1421
John,Doe1422
Jane,Doe1423
John,Doe1424
John,Doe1425
Jane,Doe1426
John,Doe1427
Jane,Doe1428
John,Doe1429
Jane,Doe1430
John,Doe1431
Jane,Doe1432
John,Doe1433
Jane,Doe1434
John,Doe1435
Jane,Doe1436
John,Doe1437
Jane,Doe1438
John,Doe1439
Jane,Doe1440
John,Doe1441
Jane,Doe1442
John,Doe1443
Jane,Doe1444
John,Doe1445
Jane,Doe1446
John,Doe1447
Jane,Doe1448
John,Doe1449
Jane,Doe1450
John,Doe1451
Jane,Doe1452
John,Doe1453
Jane,Doe1454
John,Doe1455
Jane,Doe1456
John,Doe1457
Jane,Doe1458
John,Doe1459
Jane,Doe1460
John,Doe1461
Jane,Doe1462
John,Doe1463
Jane,Doe1464
John,Doe1465
Jane,Doe1466
John,Doe1467
Jane,Doe1468
John,Doe1469
Jane,Doe1470
John,Doe1471
Jane,Doe1472
John,Doe1473
Jane,Doe1474
John,Doe1475
Jane,Doe1476
John,Doe1477
Jane,Doe1478
John,Doe1479
Jane,Doe1480
John,Doe1481
Jane,Doe1482
John,Doe1483
Jane,Doe1484
John,Doe1485
Jane,Doe1486
John,Doe1487
Jane,Doe1488
John,Doe1489
Jane,Doe1490
John,Doe1491
Jane,Doe1492
John,Doe1493
Jane,Doe1494
John,Doe1495
Jane,Doe1496
John,Doe1497
Jane,Doe1498
John,Doe1499
Jane,Doe1500
John,Doe1501
Jane,Doe1502
John,Doe1503
Jane,Doe1504
John,Doe1505
Jane,Doe1506
John,Doe1507
Jane,Doe1508
John,Doe1509
Jane,Doe1510
John,Doe1511
Jane,Doe1512
John,Doe1513
Jane,Doe1514
John,Doe1515
Jane,Doe1516
John,Doe1517
Jane,Doe1518
John,Doe1519
Jane,Doe1520
John,Doe1521
Jane,Doe1522
John,Doe1523
Jane,Doe1524
John,Doe1525
Jane,Doe1526
John,Doe1527
Jane,Doe1528
John,Doe1529
Jane,Doe1530
John,Doe1531
Jane,Doe1532
John,Doe1533
Jane,Doe1534
John,Doe1535
Jane,Doe1536
John,Doe1537
Jane,Doe1538
John,Doe1539
Jane,Doe1540
John,Doe1541
Jane,Doe1542
John,Doe1543
Jane,Doe1544
John,Doe1545
Jane,Doe1546
John,Doe1547
Jane,Doe1548
John,Doe1549
Jane,Doe1550
John,Doe1551
Jane,Doe1552
John,Doe1553
Jane,Doe1554
John,Doe1555
Jane,Doe1556
John,Doe1557
Jane,Doe1558
John,Doe1559
Jane,Doe1560
John,Doe1561
Jane,Doe1562
John,Doe1563
Jane,Doe1564
John,Doe1565
Jane,Doe1566
John,Doe1567
Jane,Doe1568
John,Doe1569
Jane,Doe1570
John,Doe1571
Jane,Doe1572
John,Doe1573
Jane,Doe1574
John,Doe1575
Jane,Doe1576
John,Doe1577
Jane,Doe1578
John,Doe1579
Jane,Doe1580
John,Doe1581
Jane,Doe1582
John,Doe1583
Jane,Doe1584
John,Doe1585
Jane,Doe1586
John,Doe1587
Jane,Doe1588
John,Doe1589
Jane,Doe1590
John,Doe1591
Jane,Doe1592
John,Doe1593
Jane,Doe1594
John,Doe1595
Jane,Doe1596
John,Doe1597
Jane,Doe1598
John,Doe1599
Jane,Doe1600
John,Doe1601
Jane,Doe1602
John,Doe1603
Jane,Doe1604
John,Doe1605
Jane,Doe1606
John,Doe1607
Jane,Doe1608
John,Doe1609
Jane,Doe1610
John,Doe1611
Jane,Doe1612
John,Doe1613
Jane,Doe1614
John,Doe1615
Jane,Doe1616
John,Doe1617
Jane,Doe1618
John,Doe1619
Jane,Doe1620
John,Doe1621
Jane,Doe1622
John,Doe1623
Jane,Doe1624
John,Doe1625
Jane,Doe1626
John,Doe1627
Jane,Doe1628
John,Doe1629
Jane,Doe1630
John,Doe1631
Jane,Doe1632
John,Doe1633
Jane,Doe1634
John,Doe1635
Jane,Doe1636
John,Doe1637
Jane,Doe1638
John,Doe1639
Jane,Doe1640
John,Doe1641
Jane,Doe1642
John,Doe1643
Jane,Doe1644
John,Doe1645
Jane,Doe1646
John,Doe1647
Jane,Doe1648
John,Doe1649
Jane,Doe1650
John,Doe1651
Jane,Doe1652
John,Doe1653
Jane,Doe1654
John,Doe1655
Jane,Doe1656
John,Doe1657
Jane,Doe1658
John,Doe1659
Jane,Doe1660
John,Doe1661
Jane,Doe1662
John,Doe1663
Jane,Doe1664
John,Doe1665
Jane,Doe1666
John,Doe1667
Jane,Doe1668
John,Doe1669
Jane,Doe1670
John,Doe1671
Jane,Doe1672
John,Doe1673
Jane,Doe1674
John,Doe1675
Jane,Doe1676
John,Doe1677
John,Doe1678
Jane,Doe1679
John,Doe1680
Jane,Doe1681
John,Doe1682
Jane,Doe1683
John,Doe1684
Jane,Doe1685
John,Doe1686
Jane,Doe1687
John,Doe1688
Jane,Doe1689
John,Doe1690
Jane,Doe1691
John,Doe1692
Jane,Doe1693
John,Doe1694
Jane,Doe1695
John,Doe1696
Jane,Doe1697
John,Doe1698
Jane,Doe1699
John,Doe1700
Jane,Doe1701
John,Doe1702
Jane,Doe1703
John,Doe1704
Jane,Doe1705
John,Doe1706
Jane,Doe1707
John,Doe1708
Jane,Doe1709
John,Doe1710
Jane,Doe1711
John,Doe1712
Jane,Doe1713
John,Doe1714
John,Doe1715
Jane,Doe1716
John,Doe1717
Jane,Doe1718
John,Doe1719
Jane,Doe1720
John,Doe1721
Jane,Doe1722
John,Doe1723
Jane,Doe1724
John,Doe1725
Jane,Doe1726
John,Doe1727
Jane,Doe1728
John,Doe1729
Jane,Doe1730
John,Doe1731
Jane,Doe1732
John,Doe1733
Jane,Doe1734
John,Doe1735
Jane,Doe1736
John,Doe1737
Jane,Doe1738
John,Doe1739
Jane,Doe1740
John,Doe1741
Jane,Doe1742
John,Doe1743
Jane,Doe1744
John,Doe1745
Jane,Doe1746
John,Doe1747
Jane,Doe1748
John,Doe1749
Jane,Doe1750
John,Doe1751
John,Doe1752
Jane,Doe1753
John,Doe1754
Jane,Doe1755
John,Doe1756
Jane,Doe1757
John,Doe1758
Jane,Doe1759
John,Doe1760
Jane,Doe1761
John,Doe1762
Jane,Doe1763
John,Doe1764
Jane,Doe1765
John,Doe1766
Jane,Doe1767
John,Doe1768
Jane,Doe1769
John,Doe1770
Jane,Doe1771
John,Doe1772
Jane,Doe1773
John,Doe1774
Jane,Doe1775
John,Doe1776
Jane,Doe1777
John,Doe1778
Jane,Doe1779
John,Doe1780
Jane,Doe1781
John,Doe1782
Jane,Doe1783
John,Doe1784
Jane,Doe1785
John,Doe1786
Jane,Doe1787
John,Doe1788
John,Doe1789
Jane,Doe1790
John,Doe1791
Jane,Doe1792
John,Doe1793
Jane,Doe1794
John,Doe1795
Jane,Doe1796
John,Doe1797
Jane,Doe1798
John,Doe1799
Jane,Doe1800
John,Doe1801
Jane,Doe1802
John,Doe1803
Jane,Doe1804
John,Doe1805
Jane,Doe1806
John,Doe1807
Jane,Doe1808
John,Doe1809
Jane,Doe1810
John,Doe1811
Jane,Doe1812
John,Doe1813
Jane,Doe1814
John,Doe1815
Jane,Doe1816
John,Doe1817
Jane,Doe1818
John,Doe1819
Jane,Doe1820
John,Doe1821
Jane,Doe1822
John,Doe1823
Jane,Doe1824
John,Doe1825
John,Doe1826
Jane,Doe1827
John,Doe1828
Jane,Doe1829
John,Doe1830
Jane,Doe1831
John,Doe1832
Jane,Doe1833
John,Doe1834
Jane,Doe1835
John,Doe1836
Jane,Doe1837
John,Doe1838
Jane,Doe1839
John,Doe1840
Jane,Doe1841
John,Doe1842
Jane,Doe1843
John,Doe1844
Jane,Doe1845
John,Doe1846
Jane,Doe1847
John,Doe1848
Jane,Doe1849
John,Doe1850
Jane,Doe1851
John,Doe1852
Jane,Doe1853
John,Doe1854
Jane,Doe1855
John,Doe1856
Jane,Doe1857
John,Doe1858
Jane,Doe1859
John,Doe1860
Jane,Doe1861
John,Doe1862
John,Doe1863
Jane,Doe1864
John,Doe1865
Jane,Doe1866
John,Doe1867
Jane,Doe1868
John,Doe1869
Jane,Doe1870
John,Doe1871
Jane,Doe1872
John,Doe1873
Jane,Doe1874
John,Doe1875
Jane,Doe1876
John,Doe1877
Jane,Doe1878
John,Doe1879
Jane,Doe1880
John,Doe1881
Jane,Doe1882
John,Doe1883
Jane,Doe1884
John,Doe1885
Jane,Doe1886
John,Doe1887
Jane,Doe1888
John,Doe1889
Jane,Doe1890
John,Doe1891
Jane,Doe1892
John,Doe1893
Jane,Doe1894
John,Doe1895
Jane,Doe1896
John,Doe1897
Jane,Doe1898
John,Doe1899
John,Doe1900
Jane,Doe1901
John,Doe1902
Jane,Doe1903
John,Doe1904
Jane,Doe1905
John,Doe1906
Jane,Doe1907
John,Doe1908
Jane,Doe1909
John,Doe1910
Jane,Doe1911
John,Doe1912
Jane,Doe1913
John,Doe1914
Jane,Doe1915
John,Doe1916
Jane,Doe1917
John,Doe1918
Jane,Doe1919
John,Doe1920
Jane,Doe1921
John,Doe1922
Jane,Doe1923
John,Doe1924
Jane,Doe1925
John,Doe1926
Jane,Doe1927
John,Doe1928
Jane,Doe1929
John,Doe1930
Jane,Doe1931
John,Doe1932
Jane,Doe1933
John,Doe1934
Jane,Doe1935
John,Doe1936
Jane,Doe1937
John,Doe1938
Jane,Doe1939
John,Doe1940
Jane,Doe1941
John,Doe1942
Jane,Doe1943
John,Doe1944
Jane,Doe1945
John,Doe1946
Jane,Doe1947
John,Doe1948
Jane,Doe1949
John,Doe1950
Jane,Doe1951
John,Doe1952
Jane,Doe1953
John,Doe1954
Jane,Doe1955
John,Doe1956
Jane,Doe1957
John,Doe1958
Jane,Doe1959
John,Doe1960
Jane,Doe1961
John,Doe1962
Jane,Doe1963
John,Doe1964
Jane,Doe1965
John,Doe1966
Jane,Doe1967
John,Doe1968
Jane,Doe1969
John,Doe1970
Jane,Doe1971
John,Doe1972
Jane,Doe1973
John,Doe1974
Jane,Doe1975
John,Doe1976
Jane,Doe1977
John,Doe1978
Jane,Doe1979
John,Doe1980
Jane,Doe1981
John,Doe1982
Jane,Doe1983
John,Doe1984
Jane,Doe1985
John,Doe1986
Jane,Doe1987
John,Doe1988
Jane,Doe1989
John,Doe1990
Jane,Doe1991
John,Doe1992
Jane,Doe1993
John,Doe1994
Jane,Doe1995
John,Doe1996
Jane,Doe1997
John,Doe1998
Jane,Doe1999
John,Doe2000
Jane,Doe2001
John,Doe2002
Jane,Doe2003
John,Doe2004
Jane,Doe2005
John,Doe2006
Jane,Doe2007
John,Doe2008
Jane,Doe2009
John,Doe2010
Jane,Doe2011
John,Doe2012
Jane,Doe2013
John,Doe2014
Jane,Doe2015
John,Doe2016
Jane,Doe2017
John,Doe2018
Jane,Doe2019
John,Doe2020
Jane,Doe2021
John,Doe2022
Jane,Doe2023
John,Doe2024
Jane,Doe2025
John,Doe2026
Jane,Doe2027
John,Doe2028
Jane,Doe2029
John,Doe2030
Jane,Doe2031
John,Doe2032
Jane,Doe2033
John,Doe2034
Jane,Doe2035
John,Doe2036
Jane,Doe2037
John,Doe2038
Jane,Doe2039
John,Doe2040
Jane,Doe2041
John,Doe2042
Jane,Doe2043
John,Doe2044
Jane,Doe2045
John,Doe2046
Jane,Doe2047
John,Doe2048
Jane,Doe2049
John,Doe2050
Jane,Doe2051
John,Doe2052
Jane,Doe2053
John,Doe2054
Jane,Doe2055
John,Doe2056
Jane,Doe2057
John,Doe2058
Jane,Doe2059
John,Doe2060
Jane,Doe2061
John,Doe2062
Jane,Doe2063
John,Doe2064
Jane,Doe2065
John,Doe2066
Jane,Doe2067
John,Doe2068
Jane,Doe2069
John,Doe2070
Jane,Doe2071
John,Doe2072
Jane,Doe2073
John,Doe2074
Jane,Doe2075
John,Doe2076
Jane,Doe2077
John,Doe2078
Jane,Doe2079
John,Doe2080
Jane,Doe2081
John,Doe2082
Jane,Doe2083
John,Doe2084
Jane,Doe2085
John,Doe2086
Jane,Doe2087
John,Doe2088
Jane,Doe2089
John,Doe2090
Jane,Doe2091
John,Doe2092
Jane,Doe2093
John,Doe2094
Jane,Doe2095
John,Doe2096
Jane,Doe2097
John,Doe2098
Jane,Doe2099
John,Doe2100
Jane,Doe2101
John,Doe2102
Jane,Doe2103
John,Doe2104
Jane,Doe2105
John,Doe2106
Jane,Doe2107
John,Doe2108
Jane,Doe2109
John,Doe2110
Jane,Doe2111
John,Doe2112
Jane,Doe2113
John,Doe2114
Jane,Doe2115
John,Doe2116
Jane,Doe2117
John,Doe2118
Jane,Doe2119
John,Doe2120
Jane,Doe2121
John,Doe2122
Jane,Doe2123
John,Doe2124
Jane,Doe2125
John,Doe2126
Jane,Doe2127
John,Doe2128
Jane,Doe2129
John,Doe2130
Jane,Doe2131
John,Doe2132
Jane,Doe2133
John,Doe2134
Jane,Doe2135
John,Doe2136
Jane,Doe2137
John,Doe2138
Jane,Doe2139
John,Doe2140
Jane,Doe2141
John,Doe2142
Jane,Doe2143
John,Doe2144
Jane,Doe2145
John,Doe2146
Jane,Doe2147
John,Doe2148
Jane,Doe2149
John,Doe2150
Jane,Doe2151
John,Doe2152
John,Doe2153
Jane,Doe2154
John,Doe2155
Jane,Doe2156
John,Doe2157
Jane,Doe2158
John,Doe2159
Jane,Doe2160
John,Doe2161
Jane,Doe2162
John,Doe2163
Jane,Doe2164
John,Doe2165
Jane,Doe2166
John,Doe2167
Jane,Doe2168
John,Doe2169
Jane,Doe2170
John,Doe2171
Jane,Doe2172
John,Doe2173
Jane,Doe2174
John,Doe2175
Jane,Doe2176
John,Doe2177
Jane,Doe2178
John,Doe2179
Jane,Doe2180
John,Doe2181
Jane,Doe2182
John,Doe2183
Jane,Doe2184
John,Doe2185
Jane,Doe2186
John,Doe2187
Jane,Doe2188
John,Doe2189
John,Doe2190
Jane,Doe2191
John,Doe2192
Jane,Doe2193
John,Doe2194
Jane,Doe2195
John,Doe2196
Jane,Doe2197
John,Doe2198
Jane,Doe2199
John,Doe2200
Jane,Doe2201
John,Doe2202
Jane,Doe2203
John,Doe2204
Jane,Doe2205
John,Doe2206
Jane,Doe2207
John,Doe2208
Jane,Doe2209
John,Doe2210
Jane,Doe2211
John,Doe2212
Jane,Doe2213
John,Doe2214
Jane,Doe2215
John,Doe2216
Jane,Doe2217
John,Doe2218
Jane,Doe2219
John,Doe2220
Jane,Doe2221
John,Doe2222
Jane,Doe2223
John,Doe2224
Jane,Doe2225
John,Doe2226
John,Doe2227
Jane,Doe2228
John,Doe2229
Jane,Doe2230
John,Doe2231
Jane,Doe2232
John,Doe2233
Jane,Doe2234
John,Doe2235
Jane,Doe2236
John,Doe2237
Jane,Doe2238
John,Doe2239
Jane,Doe2240
John,Doe2241
Jane,Doe2242
John,Doe2243
Jane,Doe2244
John,Doe2245
Jane,Doe2246
John,Doe2247
Jane,Doe2248
John,Doe2249
Jane,Doe2250
John,Doe2251
Jane,Doe2252
John,Doe2253
Jane,Doe2254
John,Doe2255
Jane,Doe2256
John,Doe2257
Jane,Doe2258
John,Doe2259
Jane,Doe2260
John,Doe2261
Jane,Doe2262
John,Doe2263
John,Doe2264
Jane,Doe2265
John,Doe2266
Jane,Doe2267
John,Doe2268
Jane,Doe2269
John,Doe2270
Jane,Doe2271
John,Doe2272
Jane,Doe2273
John,Doe2274
Jane,Doe2275
John,Doe2276
Jane,Doe2277
John,Doe2278
Jane,Doe2279
John,Doe2280
Jane,Doe2281
John,Doe2282
Jane,Doe2283
John,Doe2284
Jane,Doe2285
John,Doe2286
Jane,Doe2287
John,Doe2288
Jane,Doe2289
John,Doe2290
Jane,Doe2291
John,Doe2292
Jane,Doe2293
John,Doe2294
Jane,Doe2295
John,Doe2296
Jane,Doe2297
John,Doe2298
Jane,Doe2299
John,Doe2300
John,Doe2301
Jane,Doe2302
John,Doe2303
Jane,Doe2304
John,Doe2305
Jane,Doe2306
John,Doe2307
Jane,Doe2308
John,Doe2309
Jane,Doe2310
John,Doe2311
Jane,Doe2312
John,Doe2313
Jane,Doe2314
John,Doe2315
Jane,Doe2316
John,Doe2317
Jane,Doe2318
John,Doe2319
Jane,Doe2320
John,Doe2321
Jane,Doe2322
John,Doe2323
Jane,Doe2324
John,Doe2325
Jane,Doe2326
John,Doe2327
Jane,Doe2328
John,Doe2329
Jane,Doe2330
John,Doe2331
Jane,Doe2332
John,Doe2333
Jane,Doe2334
John,Doe2335
Jane,Doe2336
John,Doe2337
John,Doe2338
Jane,Doe2339
John,Doe2340
Jane,Doe2341
John,Doe2342
Jane,Doe2343
John,Doe2344
Jane,Doe2345
John,Doe2346
Jane,Doe2347
John,Doe2348
Jane,Doe2349
John,Doe2350
Jane,Doe2351
John,Doe2352
Jane,Doe2353
John,Doe2354
Jane,Doe2355
John,Doe2356
Jane,Doe2357
John,Doe2358
Jane,Doe2359
John,Doe2360
Jane,Doe2361
John,Doe2362
Jane,Doe2363
John,Doe2364
Jane,Doe2365
John,Doe2366
Jane,Doe2367
John,Doe2368
Jane,Doe2369
John,Doe2370
Jane,Doe2371
John,Doe2372
Jane,Doe2373
John,Doe2374
John,Doe2375
Jane,Doe2376
John,Doe2377
Jane,Doe2378
John,Doe2379
Jane,Doe2380
John,Doe2381
Jane,Doe2382
John,Doe2383
Jane,Doe2384
John,Doe2385
Jane,Doe2386
John,Doe2387
Jane,Doe2388
John,Doe2389
Jane,Doe2390
John,Doe2391
Jane,Doe2392
John,Doe2393
Jane,Doe2394
John,Doe2395
Jane,Doe2396
John,Doe2397
Jane,Doe2398
John,Doe2399
Jane,Doe2400
John,Doe2401
Jane,Doe2402
John,Doe2403
Jane,Doe2404
John,Doe2405
Jane,Doe2406
John,Doe2407
Jane,Doe2408
John,Doe2409
Jane,Doe2410
John,Doe2411
Jane,Doe2412
John,Doe2413
Jane,Doe2414
John,Doe2415
Jane,Doe2416
John,Doe2417
Jane,Doe2418
John,Doe2419
Jane,Doe2420
John,Doe2421
Jane,Doe2422
John,Doe2423
Jane,Doe2424
John,Doe2425
Jane,Doe2426
John,Doe2427
Jane,Doe2428
John,Doe2429
Jane,Doe2430
John,Doe2431
Jane,Doe2432
John,Doe2433
Jane,Doe2434
John,Doe2435
Jane,Doe2436
John,Doe2437
Jane,Doe2438
John,Doe2439
Jane,Doe2440
John,Doe2441
Jane,Doe2442
John,Doe2443
Jane,Doe2444
John,Doe2445
Jane,Doe2446
John,Doe2447
Jane,Doe2448
John,Doe2449
Jane,Doe2450
John,Doe2451
Jane,Doe2452
John,Doe2453
Jane,Doe2454
John,Doe2455
Jane,Doe2456
John,Doe2457
Jane,Doe2458
John,Doe2459
Jane,Doe2460
John,Doe2461
Jane,Doe2462
John,Doe2463
Jane,Doe2464
John,Doe2465
Jane,Doe2466
John,Doe2467
Jane,Doe2468
John,Doe2469
Jane,Doe2470
John,Doe2471
Jane,Doe2472
John,Doe2473
Jane,Doe2474
John,Doe2475
Jane,Doe2476
John,Doe2477
Jane,Doe2478
John,Doe2479
Jane,Doe2480
John,Doe2481
Jane,Doe2482
John,Doe2483
Jane,Doe2484
John,Doe2485
Jane,Doe2486
John,Doe2487
Jane,Doe2488
John,Doe2489
Jane,Doe2490
John,Doe2491
Jane,Doe2492
John,Doe2493
Jane,Doe2494
John,Doe2495
Jane,Doe2496
John,Doe2497
Jane,Doe2498
John,Doe2499
Jane,Doe2500
John,Doe2501
Jane,Doe2502
John,Doe2503
Jane,Doe2504
John,Doe2505
Jane,Doe2506
John,Doe2507
Jane,Doe2508
John,Doe2509
Jane,Doe2510
John,Doe2511
Jane,Doe2512
John,Doe2513
Jane,Doe2514
John,Doe2515
Jane,Doe2516
John,Doe2517
Jane,Doe2518
John,Doe2519
Jane,Doe2520
John,Doe2521
Jane,Doe2522
John,Doe2523
Jane,Doe2524
John,Doe2525
Jane,Doe2526
John,Doe2527
Jane,Doe2528
John,Doe2529
Jane,Doe2530
John,Doe2531
Jane,Doe2532
John,Doe2533
Jane,Doe2534
John,Doe2535
Jane,Doe2536
John,Doe2537
Jane,Doe2538
John,Doe2539
Jane,Doe2540
John,Doe2541
Jane,Doe2542
John,Doe2543
Jane,Doe2544
John,Doe2545
Jane,Doe2546
John,Doe2547
Jane,Doe2548
John,Doe2549
Jane,Doe2550
John,Doe2551
Jane,Doe2552
John,Doe2553
Jane,Doe2554
John,Doe2555
Jane,Doe2556
John,Doe2557
Jane,Doe2558
John,Doe2559
Jane,Doe2560
John,Doe2561
Jane,Doe2562
John,Doe2563
Jane,Doe2564
John,Doe2565
Jane,Doe2566
John,Doe2567
Jane,Doe2568
John,Doe2569
Jane,Doe2570
John,Doe2571
Jane,Doe2572
John,Doe2573
Jane,Doe2574
John,Doe2575
Jane,Doe2576
John,Doe2577
Jane,Doe2578
John,Doe2579
Jane,Doe2580
John,Doe2581
Jane,Doe2582
John,Doe2583
Jane,Doe2584
John,Doe2585
Jane,Doe2586
John,Doe2587
Jane,Doe2588
John,Doe2589
Jane,Doe2590
John,Doe2591
Jane,Doe2592
John,Doe2593
Jane,Doe2594
John,Doe2595
Jane,Doe2596
John,Doe2597
Jane,Doe2598
John,Doe2599
Jane,Doe2600
John,Doe2601
Jane,Doe2602
John,Doe2603
Jane,Doe2604
John,Doe2605
Jane,Doe2606
John,Doe2607
Jane,Doe2608
John,Doe2609
Jane,Doe2610
John,Doe2611
Jane,Doe2612
John,Doe2613
Jane,Doe2614
John,Doe2615
Jane,Doe2616
John,Doe2617
Jane,Doe2618
John,Doe2619
Jane,Doe2620
John,Doe2621
Jane,Doe2622
John,Doe2623
Jane,Doe2624
John,Doe2625
Jane,Doe2626
John,Doe2627
John,Doe2628
Jane,Doe2629
John,Doe2630
Jane,Doe2631
John,Doe2632
Jane,Doe2633
John,Doe2634
Jane,Doe2635
John,Doe2636
Jane,Doe2637
John,Doe2638
Jane,Doe2639
John,Doe2640
Jane,Doe2641
John,Doe2642
Jane,Doe2643
John,Doe2644
Jane,Doe2645
John,Doe2646
Jane,Doe2647
John,Doe2648
Jane,Doe2649
John,Doe2650
Jane,Doe2651
John,Doe2652
Jane,Doe2653
John,Doe2654
Jane,Doe2655
John,Doe2656
Jane,Doe2657
John,Doe2658
Jane,Doe2659
John,Doe2660
Jane,Doe2661
John,Doe2662
Jane,Doe2663
John,Doe2664
John,Doe2665
Jane,Doe2666
John,Doe2667
Jane,Doe2668
John,Doe2669
Jane,Doe2670
John,Doe2671
Jane,Doe2672
John,Doe2673
Jane,Doe2674
John,Doe2675
Jane,Doe2676
John,Doe2677
Jane,Doe2678
John,Doe2679
Jane,Doe2680
John,Doe2681
Jane,Doe2682
John,Doe2683
Jane,Doe2684
John,Doe2685
Jane,Doe2686
John,Doe2687
Jane,Doe2688
John,Doe2689
Jane,Doe2690
John,Doe2691
Jane,Doe2692
John,Doe2693
Jane,Doe2694
John,Doe2695
Jane,Doe2696
John,Doe2697
Jane,Doe2698
John,Doe2699
Jane,Doe2700
John,Doe2701
John,Doe2702
Jane,Doe2703
John,Doe2704
Jane,Doe2705
John,Doe2706
Jane,Doe2707
John,Doe2708
Jane,Doe2709
John,Doe2710
Jane,Doe2711
John,Doe2712
Jane,Doe2713
John,Doe2714
Jane,Doe2715
John,Doe2716
Jane,Doe2717
John,Doe2718
Jane,Doe2719
John,Doe2720
Jane,Doe2721
John,Doe2722
Jane,Doe2723
John,Doe2724
Jane,Doe2725
John,Doe2726
Jane,Doe2727
John,Doe2728
Jane,Doe2729
John,Doe2730
Jane,Doe2731
John,Doe2732
Jane,Doe2733
John,Doe2734
Jane,Doe2735
John,Doe2736
Jane,Doe2737
John,Doe2738
John,Doe2739
Jane,Doe2740
John,Doe2741
Jane,Doe2742
John,Doe2743
Jane,Doe2744
John,Doe2745
Jane,Doe2746
John,Doe2747
Jane,Doe2748
John,Doe2749
Jane,Doe2750
John,Doe2751
Jane,Doe2752
John,Doe2753
Jane,Doe2754
John,Doe2755
Jane,Doe2756
John,Doe2757
Jane,Doe2758
John,Doe2759
Jane,Doe2760
John,Doe2761
Jane,Doe2762
John,Doe2763
Jane,Doe2764
John,Doe2765
Jane,Doe2766
John,Doe2767
Jane,Doe2768
John,Doe2769
Jane,Doe2770
John,Doe2771
Jane,Doe2772
John,Doe2773
Jane,Doe2774
John,Doe2775
John,Doe2776
Jane,Doe2777
John,Doe2778
Jane,Doe2779
John,Doe2780
Jane,Doe2781
John,Doe2782
Jane,Doe2783
John,Doe2784
Jane,Doe2785
John,Doe2786
Jane,Doe2787
John,Doe2788
Jane,Doe2789
John,Doe2790
Jane,Doe2791
John,Doe2792
Jane,Doe2793
John,Doe2794
Jane,Doe2795
John,Doe2796
Jane,Doe2797
John,Doe2798
Jane,Doe2799
John,Doe2800
Jane,Doe2801
John,Doe2802
Jane,Doe2803
John,Doe2804
Jane,Doe2805
John,Doe2806
Jane,Doe2807
John,Doe2808
Jane,Doe2809
John,Doe2810
Jane,Doe2811
John,Doe2812
John,Doe2813
Jane,Doe2814
John,Doe2815
Jane,Doe2816
John,Doe2817
Jane,Doe2818
John,Doe2819
Jane,Doe2820
John,Doe2821
Jane,Doe2822
John,Doe2823
Jane,Doe2824
John,Doe2825
Jane,Doe2826
John,Doe2827
Jane,Doe2828
John,Doe2829
Jane,Doe2830
John,Doe2831
Jane,Doe2832
John,Doe2833
Jane,Doe2834
John,Doe2835
Jane,Doe2836
John,Doe2837
Jane,Doe2838
John,Doe2839
Jane,Doe2840
John,Doe2841
Jane,Doe2842
John,Doe2843
Jane,Doe2844
John,Doe2845
Jane,Doe2846
John,Doe2847
Jane,Doe2848
John,Doe2849
John,Doe2850
Jane,Doe2851
John,Doe2852
Jane,Doe2853
John,Doe2854
Jane,Doe2855
John,Doe2856
Jane,Doe2857
John,Doe2858
Jane,Doe2859
John,Doe2860
Jane,Doe2861
John,Doe2862
Jane,Doe2863
John,Doe2864
Jane,Doe2865
John,Doe2866
Jane,Doe2867
John,Doe2868
Jane,Doe2869
John,Doe2870
Jane,Doe2871
John,Doe2872
Jane,Doe2873
John,Doe2874
Jane,Doe2875
John,Doe2876
Jane,Doe2877
John,Doe2878
Jane,Doe2879
John,Doe2880
Jane,Doe2881
John,Doe2882
Jane,Doe2883
John,Doe2884
Jane,Doe2885
John,Doe2886
Jane,Doe2887
John,Doe2888
Jane,Doe2889
John,Doe2890
Jane,Doe2891
John,Doe2892
Jane,Doe2893
John,Doe2894
Jane,Doe2895
John,Doe2896
Jane,Doe2897
John,Doe2898
Jane,Doe2899
John,Doe2900
Jane,Doe2901
John,Doe2902
Jane,Doe2903
John,Doe2904
Jane,Doe2905
John,Doe2906
Jane,Doe2907
John,Doe2908
Jane,Doe2909
John,Doe2910
Jane,Doe2911
John,Doe2912
Jane,Doe2913
John,Doe2914
Jane,Doe2915
John,Doe2916
Jane,Doe2917
John,Doe2918
Jane,Doe2919
John,Doe2920
Jane,Doe2921
John,Doe2922
Jane,Doe2923
John,Doe2924
Jane,Doe2925
John,Doe2926
Jane,Doe2927
John,Doe2928
Jane,Doe2929
John,Doe2930
Jane,Doe2931
John,Doe2932
Jane,Doe2933
John,Doe2934
Jane,Doe2935
John,Doe2936
Jane,Doe2937
John,Doe2938
Jane,Doe2939
John,Doe2940
Jane,Doe2941
John,Doe2942
Jane,Doe2943
John,Doe2944
Jane,Doe2945
John,Doe2946
Jane,Doe2947
John,Doe2948
Jane,Doe2949
John,Doe2950
Jane,Doe2951
John,Doe2952
Jane,Doe2953
John,Doe2954
Jane,Doe2955
John,Doe2956
Jane,Doe2957
John,Doe2958
Jane,Doe2959
John,Doe2960
Jane,Doe2961
John,Doe2962
Jane,Doe2963
John,Doe2964
Jane,Doe2965
John,Doe2966
Jane,Doe2967
John,Doe2968
Jane,Doe2969
John,Doe2970
Jane,Doe2971
John,Doe2972
Jane,Doe2973
John,Doe2974
Jane,Doe2975
John,Doe2976
Jane,Doe2977
John,Doe2978
Jane,Doe2979
John,Doe2980
Jane,Doe2981
John,Doe2982
Jane,Doe2983
John,Doe2984
Jane,Doe2985
John,Doe2986
Jane,Doe2987
John,Doe2988
Jane,Doe2989
John,Doe2990
Jane,Doe2991
John,Doe2992
Jane,Doe2993
John,Doe2994
Jane,Doe2995
John,Doe2996
Jane,Doe2997
John,Doe2998
Jane,Doe2999
John,Doe3000
Jane,Doe3001
John,Doe3002
Jane,Doe3003
John,Doe3004
Jane,Doe3005
John,Doe3006
Jane,Doe3007
John,Doe3008
Jane,Doe3009
John,Doe3010
Jane,Doe3011
John,Doe3012
Jane,Doe3013
John,Doe3014
Jane,Doe3015
John,Doe3016
Jane,Doe3017
John,Doe3018
Jane,Doe3019
John,Doe3020
Jane,Doe3021
John,Doe3022
Jane,Doe3023
John,Doe3024
Jane,Doe3025
John,Doe3026
Jane,Doe3027
John,Doe3028
Jane,Doe3029
John,Doe3030
Jane,Doe3031
John,Doe3032
Jane,Doe3033
John,Doe3034
Jane,Doe3035
John,Doe3036
Jane,Doe3037
John,Doe3038
Jane,Doe3039
John,Doe3040
Jane,Doe3041
John,Doe3042
Jane,Doe3043
John,Doe3044
Jane,Doe3045
John,Doe3046
Jane,Doe3047
John,Doe3048
Jane,Doe3049
John,Doe3050
Jane,Doe3051
John,Doe3052
Jane,Doe3053
John,Doe3054
Jane,Doe3055
John,Doe3056
Jane,Doe3057
John,Doe3058
Jane,Doe3059
John,Doe3060
Jane,Doe3061
John,Doe3062
Jane,Doe3063
John,Doe3064
Jane,Doe3065
John,Doe3066
Jane,Doe3067
John,Doe3068
Jane,Doe3069
John,Doe3070
Jane,Doe3071
John,Doe3072
Jane,Doe3073
John,Doe3074
Jane,Doe3075
John,Doe3076
Jane,Doe3077
John,Doe3078
Jane,Doe3079
John,Doe3080
Jane,Doe3081
John,Doe3082
Jane,Doe3083
John,Doe3084
Jane,Doe3085
John,Doe3086
Jane,Doe3087
John,Doe3088
Jane,Doe3089
John,Doe3090
Jane,Doe3091
John,Doe3092
Jane,Doe3093
John,Doe3094
Jane,Doe3095
John,Doe3096
Jane,Doe3097
John,Doe3098
Jane,Doe3099
John,Doe3100
Jane,Doe3101
John,Doe3102
John,Doe3103
Jane,Doe3104
John,Doe3105
Jane,Doe3106
John,Doe3107
Jane,Doe3108
John,Doe3109
Jane,Doe3110
John,Doe3111
Jane,Doe3112
John,Doe3113
Jane,Doe3114
John,Doe3115
Jane,Doe3116
John,Doe3117
Jane,Doe3118
John,Doe3119
Jane,Doe3120
John,Doe3121
Jane,Doe3122
John,Doe3123
Jane,Doe3124
John,Doe3125
Jane,Doe3126
John,Doe3127
Jane,Doe3128
John,Doe3129
Jane,Doe3130
John,Doe3131
Jane,Doe3132
John,Doe3133
Jane,Doe3134
John,Doe3135
Jane,Doe3136
John,Doe3137
Jane,Doe3138
John,Doe3139
John,Doe3140
Jane,Doe3141
John,Doe3142
Jane,Doe3143
John,Doe3144
Jane,Doe3145
John,Doe3146
Jane,Doe3147
John,Doe3148
Jane,Doe3149
John,Doe3150
Jane,Doe3151
John,Doe3152
Jane,Doe3153
John,Doe3154
Jane,Doe3155
John,Doe3156
Jane,Doe3157
John,Doe3158
Jane,Doe3159
John,Doe3160
Jane,Doe3161
John,Doe3162
Jane,Doe3163
John,Doe3164
Jane,Doe3165
John,Doe3166
Jane,Doe3167
John,Doe3168
Jane,Doe3169
John,Doe3170
Jane,Doe3171
John,Doe3172
Jane,Doe3173
John,Doe3174
Jane,Doe3175
John,Doe3176
John,Doe3177
Jane,Doe3178
John,Doe3179
Jane,Doe3180
John,Doe3181
Jane,Doe3182
John,Doe3183
Jane,Doe3184
John,Doe3185
Jane,Doe3186
John,Doe3187
Jane,Doe3188
John,Doe3189
Jane,Doe3190
John,Doe3191
Jane,Doe3192
John,Doe3193
Jane,Doe3194
John,Doe3195
Jane,Doe3196
John,Doe3197
Jane,Doe3198
John,Doe3199
Jane,Doe3200
John,Doe3201
Jane,Doe3202
John,Doe3203
Jane,Doe3204
John,Doe3205
Jane,Doe3206
John,Doe3207
Jane,Doe3208
John,Doe3209
Jane,Doe3210
John,Doe3211
Jane,Doe3212
John,Doe3213
John,Doe3214
Jane,Doe3215
John,Doe3216
Jane,Doe3217
John,Doe3218
Jane,Doe3219
John,Doe3220
Jane,Doe3221
John,Doe3222
Jane,Doe3223
John,Doe3224
Jane,Doe3225
John,Doe3226
Jane,Doe3227
John,Doe3228
Jane,Doe3229
John,Doe3230
Jane,Doe3231
John,Doe3232
Jane,Doe3233
John,Doe3234
Jane,Doe3235
John,Doe3236
Jane,Doe3237
John,Doe3238
Jane,Doe3239
John,Doe3240
Jane,Doe3241
John,Doe3242
Jane,Doe3243
John,Doe3244
Jane,Doe3245
John,Doe3246
Jane,Doe3247
John,Doe3248
Jane,Doe3249
John,Doe3250
John,Doe3251
Jane,Doe3252
John,Doe3253
Jane,Doe3254
John,Doe3255
Jane,Doe3256
John,Doe3257
Jane,Doe3258
John,Doe3259
Jane,Doe3260
John,Doe3261
Jane,Doe3262
John,Doe3263
Jane,Doe3264
John,Doe3265
Jane,Doe3266
John,Doe3267
Jane,Doe3268
John,Doe3269
Jane,Doe3270
John,Doe3271
Jane,Doe3272
John,Doe3273
Jane,Doe3274
John,Doe3275
Jane,Doe3276
John,Doe3277
Jane,Doe3278
John,Doe3279
Jane,Doe3280
John,Doe3281
Jane,Doe3282
John,Doe3283
Jane,Doe3284
John,Doe3285
Jane,Doe3286
John,Doe3287
John,Doe3288
Jane,Doe3289
John,Doe3290
Jane,Doe3291
John,Doe3292
Jane,Doe3293
John,Doe3294
Jane,Doe3295
John,Doe3296
Jane,Doe3297
John,Doe3298
Jane,Doe3299
John,Doe3300
Jane,Doe3301
John,Doe3302
Jane,Doe3303
John,Doe3304
Jane,Doe3305
John,Doe3306
Jane,Doe3307
John,Doe3308
Jane,Doe3309
John,Doe3310
Jane,Doe3311
John,Doe3312
Jane,Doe3313
John,Doe3314
Jane,Doe3315
John,Doe3316
Jane,Doe3317
John,Doe3318
Jane,Doe3319
John,Doe3320
Jane,Doe3321
John,Doe3322
Jane,Doe3323
John,Doe3324
John,Doe3325
Jane,Doe3326
John,Doe3327
Jane,Doe3328
John,Doe3329
Jane,Doe3330
John,Doe3331
Jane,Doe3332
John,Doe3333
Jane,Doe3334
John,Doe3335
Jane,Doe3336
John,Doe3337
Jane,Doe3338
John,Doe3339
Jane,Doe3340
John,Doe3341
Jane,Doe3342
John,Doe3343
Jane,Doe3344
John,Doe3345
Jane,Doe3346
John,Doe3347
Jane,Doe3348
John,Doe3349
Jane,Doe3350
John,Doe3351
Jane,Doe3352
John,Doe3353
Jane,Doe3354
John,Doe3355
Jane,Doe3356
John,Doe3357
Jane,Doe3358
John,Doe3359
Jane,Doe3360
John,Doe3361
Jane,Doe3362
John,Doe3363
Jane,Doe3364
John,Doe3365
Jane,Doe3366
John,Doe3367
Jane,Doe3368
John,Doe3369
Jane,Doe3370
John,Doe3371
Jane,Doe3372
John,Doe3373
Jane,Doe3374
John,Doe3375
Jane,Doe3376
John,Doe3377
Jane,Doe3378
John,Doe3379
Jane,Doe3380
John,Doe3381
Jane,Doe3382
John,Doe3383
Jane,Doe3384
John,Doe3385
Jane,Doe3386
John,Doe3387
Jane,Doe3388
John,Doe3389
Jane,Doe3390
John,Doe3391
Jane,Doe3392
John,Doe3393
Jane,Doe3394
John,Doe3395
Jane,Doe3396
John,Doe3397
Jane,Doe3398
John,Doe3399
Jane,Doe3400
John,Doe3401
Jane,Doe3402
John,Doe3403
Jane,Doe3404
John,Doe3405
Jane,Doe3406
John,Doe3407
Jane,Doe3408
John,Doe3409
Jane,Doe3410
John,Doe3411
Jane,Doe3412
John,Doe3413
Jane,Doe3414
John,Doe3415
Jane,Doe3416
John,Doe3417
Jane,Doe3418
John,Doe3419
Jane,Doe3420
John,Doe3421
Jane,Doe3422
John,Doe3423
Jane,Doe3424
John,Doe3425
Jane,Doe3426
John,Doe3427
Jane,Doe3428
John,Doe3429
Jane,Doe3430
John,Doe3431
Jane,Doe3432
John,Doe3433
Jane,Doe3434
John,Doe3435
Jane,Doe3436
John,Doe3437
Jane,Doe3438
John,Doe3439
Jane,Doe3440
John,Doe3441
Jane,Doe3442
John,Doe3443
Jane,Doe3444
John,Doe3445
Jane,Doe3446
John,Doe3447
Jane,Doe3448
John,Doe3449
Jane,Doe3450
John,Doe3451
Jane,Doe3452
John,Doe3453
Jane,Doe3454
John,Doe3455
Jane,Doe3456
John,Doe3457
Jane,Doe3458
John,Doe3459
Jane,Doe3460
John,Doe3461
Jane,Doe3462
John,Doe3463
Jane,Doe3464
John,Doe3465
Jane,Doe3466
John,Doe3467
Jane,Doe3468
John,Doe3469
Jane,Doe3470
John,Doe3471
Jane,Doe3472
John,Doe3473
Jane,Doe3474
John,Doe3475
Jane,Doe3476
John,Doe3477
Jane,Doe3478
John,Doe3479
Jane,Doe3480
John,Doe3481
Jane,Doe3482
John,Doe3483
Jane,Doe3484
John,Doe3485
Jane,Doe3486
John,Doe3487
Jane,Doe3488
John,Doe3489
Jane,Doe3490
John,Doe3491
Jane,Doe3492
John,Doe3493
Jane,Doe3494
John,Doe3495
Jane,Doe3496
John,Doe3497
Jane,Doe3498
John,Doe3499
Jane,Doe3500
John,Doe3501
Jane,Doe3502
John,Doe3503
Jane,Doe3504
John,Doe3505
Jane,Doe3506
John,Doe3507
Jane,Doe3508
John,Doe3509
Jane,Doe3510
John,Doe3511
Jane,Doe3512
John,Doe3513
Jane,Doe3514
John,Doe3515
Jane,Doe3516
John,Doe3517
Jane,Doe3518
John,Doe3519
Jane,Doe3520
John,Doe3521
Jane,Doe3522
John,Doe3523
Jane,Doe3524
John,Doe3525
Jane,Doe3526
John,Doe3527
Jane,Doe3528
John,Doe3529
Jane,Doe3530
John,Doe3531
Jane,Doe3532
John,Doe3533
Jane,Doe3534
John,Doe3535
Jane,Doe3536
John,Doe3537
Jane,Doe3538
John,Doe3539
Jane,Doe3540
John,Doe3541
Jane,Doe3542
John,Doe3543
Jane,Doe3544
John,Doe3545
Jane,Doe3546
John,Doe3547
Jane,Doe3548
John,Doe3549
Jane,Doe3550
John,Doe3551
Jane,Doe3552
John,Doe3553
Jane,Doe3554
John,Doe3555
Jane,Doe3556
John,Doe3557
Jane,Doe3558
John,Doe3559
Jane,Doe3560
John,Doe3561
Jane,Doe3562
John,Doe3563
Jane,Doe3564
John,Doe3565
Jane,Doe3566
John,Doe3567
Jane,Doe3568
John,Doe3569
Jane,Doe3570
John,Doe3571
Jane,Doe3572
John,Doe3573
Jane,Doe3574
John,Doe3575
Jane,Doe3576
John,Doe3577
John,Doe3578
Jane,Doe3579
John,Doe3580
Jane,Doe3581
John,Doe3582
Jane,Doe3583
John,Doe3584
Jane,Doe3585
John,Doe3586
Jane,Doe3587
John,Doe3588
Jane,Doe3589
John,Doe3590
Jane,Doe3591
John,Doe3592
Jane,Doe3593
John,Doe3594
Jane,Doe3595
John,Doe3596
Jane,Doe3597
John,Doe3598
Jane,Doe3599
John,Doe3600
Jane,Doe3601
John,Doe3602
Jane,Doe3603
John,Doe3604
Jane,Doe3605
John,Doe3606
Jane,Doe3607
John,Doe3608
Jane,Doe3609
John,Doe3610
Jane,Doe3611
John,Doe3612
Jane,Doe3613
John,Doe3614
John,Doe3615
Jane,Doe3616
John,Doe3617
Jane,Doe3618
John,Doe3619
Jane,Doe3620
John,Doe3621
Jane,Doe3622
John,Doe3623
Jane,Doe3624
John,Doe3625
Jane,Doe3626
John,Doe3627
Jane,Doe3628
John,Doe3629
Jane,Doe3630
John,Doe3631
Jane,Doe3632
John,Doe3633
Jane,Doe3634
John,Doe3635
Jane,Doe3636
John,Doe3637
Jane,Doe3638
John,Doe3639
Jane,Doe3640
John,Doe3641
Jane,Doe3642
John,Doe3643
Jane,Doe3644
John,Doe3645
Jane,Doe3646
John,Doe3647
Jane,Doe3648
John,Doe3649
Jane,Doe3650
John,Doe3651
John,Doe3652
Jane,Doe3653
John,Doe3654
Jane,Doe3655
John,Doe3656
Jane,Doe3657
John,Doe3658
Jane,Doe3659
John,Doe3660
Jane,Doe3661
John,Doe3662
Jane,Doe3663
John,Doe3664
Jane,Doe3665
John,Doe3666
Jane,Doe3667
John,Doe3668
Jane,Doe3669
John,Doe3670
Jane,Doe3671
John,Doe3672
Jane,Doe3673
John,Doe3674
Jane,Doe3675
John,Doe3676
Jane,Doe3677
John,Doe3678
Jane,Doe3679
John,Doe3680
Jane,Doe3681
John,Doe3682
Jane,Doe3683
John,Doe3684
Jane,Doe3685
John,Doe3686
Jane,Doe3687
John,Doe3688
John,Doe3689
Jane,Doe3690
John,Doe3691
Jane,Doe3692
John,Doe3693
Jane,Doe3694
John,Doe3695
Jane,Doe3696
John,Doe3697
Jane,Doe3698
John,Doe3699
Jane,Doe3700
John,Doe3701
Jane,Doe3702
John,Doe3703
Jane,Doe3704
John,Doe3705
Jane,Doe3706
John,Doe3707
Jane,Doe3708
John,Doe3709
Jane,Doe3710
John,Doe3711
Jane,Doe3712
John,Doe3713
Jane,Doe3714
John,Doe3715
Jane,Doe3716
John,Doe3717
Jane,Doe3718
John,Doe3719
Jane,Doe3720
John,Doe3721
Jane,Doe3722
John,Doe3723
Jane,Doe3724
John,Doe3725
John,Doe3726
Jane,Doe3727
John,Doe3728
Jane,Doe3729
John,Doe3730
Jane,Doe3731
John,Doe3732
Jane,Doe3733
John,Doe3734
Jane,Doe3735
John,Doe3736
Jane,Doe3737
John,Doe3738
Jane,Doe3739
John,Doe3740
Jane,Doe3741
John,Doe3742
Jane,Doe3743
John,Doe3744
Jane,Doe3745
John,Doe3746
Jane,Doe3747
John,Doe3748
Jane,Doe3749
John,Doe3750
Jane,Doe3751
John,Doe3752
Jane,Doe3753
John,Doe3754
Jane,Doe3755
John,Doe3756
Jane,Doe3757
John,Doe3758
Jane,Doe3759
John,Doe3760
Jane,Doe3761
John,Doe3762
John,Doe3763
Jane,Doe3764
John,Doe3765
Jane,Doe3766
John,Doe3767
Jane,Doe3768
John,Doe3769
Jane,Doe3770
John,Doe3771
Jane,Doe3772
John,Doe3773
Jane,Doe3774
John,Doe3775
Jane,Doe3776
John,Doe3777
Jane,Doe3778
John,Doe3779
Jane,Doe3780
John,Doe3781
Jane,Doe3782
John,Doe3783
Jane,Doe3784
John,Doe3785
Jane,Doe3786
John,Doe3787
Jane,Doe3788
John,Doe3789
Jane,Doe3790
John,Doe3791
Jane,Doe3792
John,Doe3793
Jane,Doe3794
John,Doe3795
Jane,Doe3796
John,Doe3797
Jane,Doe3798
John,Doe3799
John,Doe3800
Jane,Doe3801
John,Doe3802
Jane,Doe3803
John,Doe3804
Jane,Doe3805
John,Doe3806
Jane,Doe3807
John,Doe3808
Jane,Doe3809
John,Doe3810
Jane,Doe3811
John,Doe3812
Jane,Doe3813
John,Doe3814
Jane,Doe3815
John,Doe3816
Jane,Doe3817
John,Doe3818
Jane,Doe3819
John,Doe3820
Jane,Doe3821
John,Doe3822
Jane,Doe3823
John,Doe3824
Jane,Doe3825
John,Doe3826
Jane,Doe3827
John,Doe3828
Jane,Doe3829
John,Doe3830
Jane,Doe3831
John,Doe3832
Jane,Doe3833
John,Doe3834
Jane,Doe3835
John,Doe3836
Jane,Doe3837
John,Doe3838
Jane,Doe3839
John,Doe3840
Jane,Doe3841
John,Doe3842
Jane,Doe3843
John,Doe3844
Jane,Doe3845
John,Doe3846
Jane,Doe3847
John,Doe3848
Jane,Doe3849
John,Doe3850
Jane,Doe3851
John,Doe3852
Jane,Doe3853
John,Doe3854
Jane,Doe3855
John,Doe3856
Jane,Doe3857
John,Doe3858
Jane,Doe3859
John,Doe3860
Jane,Doe3861
John,Doe3862
Jane,Doe3863
John,Doe3864
Jane,Doe3865
John,Doe3866
Jane,Doe3867
John,Doe3868
Jane,Doe3869
John,Doe3870
Jane,Doe3871
John,Doe3872
Jane,Doe3873
John,Doe3874
Jane,Doe3875
John,Doe3876
Jane,Doe3877
John,Doe3878
Jane,Doe3879
John,Doe3880
Jane,Doe3881
John,Doe3882
Jane,Doe3883
John,Doe3884
Jane,Doe3885
John,Doe3886
Jane,Doe3887
John,Doe3888
Jane,Doe3889
John,Doe3890
Jane,Doe3891
John,Doe3892
Jane,Doe3893
John,Doe3894
Jane,Doe3895
John,Doe3896
Jane,Doe3897
John,Doe3898
Jane,Doe3899
John,Doe3900
Jane,Doe3901
John,Doe3902
Jane,Doe3903
John,Doe3904
Jane,Doe3905
John,Doe3906
Jane,Doe3907
John,Doe3908
Jane,Doe3909
John,Doe3910
Jane,Doe3911
John,Doe3912
Jane,Doe3913
John,Doe3914
Jane,Doe3915
John,Doe3916
Jane,Doe3917
John,Doe3918
Jane,Doe3919
John,Doe3920
Jane,Doe3921
John,Doe3922
Jane,Doe3923
John,Doe3924
Jane,Doe3925
John,Doe3926
Jane,Doe3927
John,Doe3928
Jane,Doe3929
John,Doe3930
Jane,Doe3931
John,Doe3932
Jane,Doe3933
John,Doe3934
Jane,Doe3935
John,Doe3936
Jane,Doe3937
John,Doe3938
Jane,Doe3939
John,Doe3940
Jane,Doe3941
John,Doe3942
Jane,Doe3943
John,Doe3944
Jane,Doe3945
John,Doe3946
Jane,Doe3947
John,Doe3948
Jane,Doe3949
John,Doe3950
Jane,Doe3951
John,Doe3952
Jane,Doe3953
John,Doe3954
Jane,Doe3955
John,Doe3956
Jane,Doe3957
John,Doe3958
Jane,Doe3959
John,Doe3960
Jane,Doe3961
John,Doe3962
Jane,Doe3963
John,Doe3964
Jane,Doe3965
John,Doe3966
Jane,Doe3967
John,Doe3968
Jane,Doe3969
John,Doe3970
Jane,Doe3971
John,Doe3972
Jane,Doe3973
John,Doe3974
Jane,Doe3975
John,Doe3976
Jane,Doe3977
John,Doe3978
Jane,Doe3979
John,Doe3980
Jane,Doe3981
John,Doe3982
Jane,Doe3983
John,Doe3984
Jane,Doe3985
John,Doe3986
Jane,Doe3987
John,Doe3988
Jane,Doe3989
John,Doe3990
Jane,Doe3991
John,Doe3992
Jane,Doe3993
John,Doe3994
Jane,Doe3995
John,Doe3996
Jane,Doe3997
John,Doe3998
Jane,Doe3999
John,Doe4000
Jane,Doe4001
John,Doe4002
Jane,Doe4003
John,Doe4004
Jane,Doe4005
John,Doe4006
Jane,Doe4007
John,Doe4008
Jane,Doe4009
John,Doe4010
Jane,Doe4011
John,Doe4012
Jane,Doe4013
John,Doe4014
Jane,Doe4015
John,Doe4016
Jane,Doe4017
John,Doe4018
Jane,Doe4019
John,Doe4020
Jane,Doe4021
John,Doe4022
Jane,Doe4023
John,Doe4024
Jane,Doe4025
John,Doe4026
Jane,Doe4027
John,Doe4028
Jane,Doe4029
John,Doe4030
Jane,Doe4031
John,Doe4032
Jane,Doe4033
John,Doe4034
Jane,Doe4035
John,Doe4036
Jane,Doe4037
John,Doe4038
Jane,Doe4039
John,Doe4040
Jane,Doe4041
John,Doe4042
Jane,Doe4043
John,Doe4044
Jane,Doe4045
John,Doe4046
Jane,Doe4047
John,Doe4048
Jane,Doe4049
John,Doe4050
Jane,Doe4051
John,Doe4052
John,Doe4053
Jane,Doe4054
John,Doe4055
Jane,Doe4056
John,Doe4057
Jane,Doe4058
John,Doe4059
Jane,Doe4060
John,Doe4061
Jane,Doe4062
John,Doe4063
Jane,Doe4064
John,Doe4065
Jane,Doe4066
John,Doe4067
Jane,Doe4068
John,Doe4069
Jane,Doe4070
John,Doe4071
Jane,Doe4072
John,Doe4073
Jane,Doe4074
John,Doe4075
Jane,Doe4076
John,Doe4077
Jane,Doe4078
John,Doe4079
Jane,Doe4080
John,Doe4081
Jane,Doe4082
John,Doe4083
Jane,Doe4084
John,Doe4085
Jane,Doe4086
John,Doe4087
Jane,Doe4088
John,Doe4089
John,Doe4090
Jane,Doe4091
John,Doe4092
Jane,Doe4093
John,Doe4094
Jane,Doe4095
John,Doe4096
Jane,Doe4097
John,Doe4098
Jane,Doe4099
John,Doe4100
Jane,Doe4101
John,Doe4102
Jane,Doe4103
John,Doe4104
Jane,Doe4105
John,Doe4106
Jane,Doe4107
John,Doe4108
Jane,Doe4109
John,Doe4110
Jane,Doe4111
John,Doe4112
Jane,Doe4113
John,Doe4114
Jane,Doe4115
John,Doe4116
Jane,Doe4117
John,Doe4118
Jane,Doe4119
John,Doe4120
Jane,Doe4121
John,Doe4122
Jane,Doe4123
John,Doe4124
Jane,Doe4125
John,Doe4126
John,Doe4127
Jane,Doe4128
John,Doe4129
Jane,Doe4130
John,Doe4131
Jane,Doe4132
John,Doe4133
Jane,Doe4134
John,Doe4135
Jane,Doe4136
John,Doe4137
Jane,Doe4138
John,Doe4139
Jane,Doe4140
John,Doe4141
Jane,Doe4142
John,Doe4143
Jane,Doe4144
John,Doe4145
Jane,Doe4146
John,Doe4147
Jane,Doe4148
John,Doe4149
Jane,Doe4150
John,Doe4151
Jane,Doe4152
John,Doe4153
Jane,Doe4154
John,Doe4155
Jane,Doe4156
John,Doe4157
Jane,Doe4158
John,Doe4159
Jane,Doe4160
John,Doe4161
Jane,Doe4162
John,Doe4163
John,Doe4164
Jane,Doe4165
John,Doe4166
Jane,Doe4167
John,Doe4168
Jane,Doe4169
John,Doe4170
Jane,Doe4171
John,Doe4172
Jane,Doe4173
John,Doe4174
Jane,Doe4175
John,Doe4176
Jane,Doe4177
John,Doe4178
Jane,Doe4179
John,Doe4180
Jane,Doe4181
John,Doe4182
Jane,Doe4183
John,Doe4184
Jane,Doe4185
John,Doe4186
Jane,Doe4187
John,Doe4188
Jane,Doe4189
John,Doe4190
Jane,Doe4191
John,Doe4192
Jane,Doe4193
John,Doe4194
Jane,Doe4195
John,Doe4196
Jane,Doe4197
John,Doe4198
Jane,Doe4199
John,Doe4200
John,Doe4201
Jane,Doe4202
John,Doe4203
Jane,Doe4204
John,Doe4205
Jane,Doe4206
John,Doe4207
Jane,Doe4208
John,Doe4209
Jane,Doe4210
John,Doe4211
Jane,Doe4212
John,Doe4213
Jane,Doe4214
John,Doe4215
Jane,Doe4216
John,Doe4217
Jane,Doe4218
John,Doe4219
Jane,Doe4220
John,Doe4221
Jane,Doe4222
John,Doe4223
Jane,Doe4224
John,Doe4225
Jane,Doe4226
John,Doe4227
Jane,Doe4228
John,Doe4229
Jane,Doe4230
John,Doe4231
Jane,Doe4232
John,Doe4233
Jane,Doe4234
John,Doe4235
Jane,Doe4236
John,Doe4237
John,Doe4238
Jane,Doe4239
John,Doe4240
Jane,Doe4241
John,Doe4242
Jane,Doe4243
John,Doe4244
Jane,Doe4245
John,Doe4246
Jane,Doe4247
John,Doe4248
Jane,Doe4249
John,Doe4250
Jane,Doe4251
John,Doe4252
Jane,Doe4253
John,Doe4254
Jane,Doe4255
John,Doe4256
Jane,Doe4257
John,Doe4258
Jane,Doe4259
John,Doe4260
Jane,Doe4261
John,Doe4262
Jane,Doe4263
John,Doe4264
Jane,Doe4265
John,Doe4266
Jane,Doe4267
John,Doe4268
Jane,Doe4269
John,Doe4270
Jane,Doe4271
John,Doe4272
Jane,Doe4273
John,Doe4274
John,Doe4275
Jane,Doe4276
John,Doe4277
Jane,Doe4278
John,Doe4279
Jane,Doe4280
John,Doe4281
Jane,Doe4282
John,Doe4283
Jane,Doe4284
John,Doe4285
Jane,Doe4286
John,Doe4287
Jane,Doe4288
John,Doe4289
Jane,Doe4290
John,Doe4291
Jane,Doe4292
John,Doe4293
Jane,Doe4294
John,Doe4295
Jane,Doe4296
John,Doe4297
Jane,Doe4298
John,Doe4299
Jane,Doe4300
John,Doe4301
Jane,Doe4302
John,Doe4303
Jane,Doe4304
John,Doe4305
Jane,Doe4306
John,Doe4307
Jane,Doe4308
John,Doe4309
Jane,Doe4310
John,Doe4311
Jane,Doe4312
John,Doe4313
Jane,Doe4314
John,Doe4315
Jane,Doe4316
John,Doe4317
Jane,Doe4318
John,Doe4319
Jane,Doe4320
John,Doe4321
Jane,Doe4322
John,Doe4323
Jane,Doe4324
John,Doe4325
Jane,Doe4326
John,Doe4327
Jane,Doe4328
John,Doe4329
Jane,Doe4330
John,Doe4331
Jane,Doe4332
John,Doe4333
Jane,Doe4334
John,Doe4335
Jane,Doe4336
John,Doe4337
Jane,Doe4338
John,Doe4339
Jane,Doe4340
John,Doe4341
Jane,Doe4342
John,Doe4343
Jane,Doe4344
John,Doe4345
Jane,Doe4346
John,Doe4347
Jane,Doe4348
John,Doe4349
Jane,Doe4350
John,Doe4351
Jane,Doe4352
John,Doe4353
Jane,Doe4354
John,Doe4355
Jane,Doe4356
John,Doe4357
Jane,Doe4358
John,Doe4359
Jane,Doe4360
John,Doe4361
Jane,Doe4362
John,Doe4363
Jane,Doe4364
John,Doe4365
Jane,Doe4366
John,Doe4367
Jane,Doe4368
John,Doe4369
Jane,Doe4370
John,Doe4371
Jane,Doe4372
John,Doe4373
Jane,Doe4374
John,Doe4375
Jane,Doe4376
John,Doe4377
Jane,Doe4378
John,Doe4379
Jane,Doe4380
John,Doe4381
Jane,Doe4382
John,Doe4383
Jane,Doe4384
John,Doe4385
Jane,Doe4386
John,Doe4387
Jane,Doe4388
John,Doe4389
Jane,Doe4390
John,Doe4391
Jane,Doe4392
John,Doe4393
Jane,Doe4394
John,Doe4395
Jane,Doe4396
John,Doe4397
Jane,Doe4398
John,Doe4399
Jane,Doe4400
John,Doe4401
Jane,Doe4402
John,Doe4403
Jane,Doe4404
John,Doe4405
Jane,Doe4406
John,Doe4407
Jane,Doe4408
John,Doe4409
Jane,Doe4410
John,Doe4411
Jane,Doe4412
John,Doe4413
Jane,Doe4414
John,Doe4415
Jane,Doe4416
John,Doe4417
Jane,Doe4418
John,Doe4419
Jane,Doe4420
John,Doe4421
Jane,Doe4422
John,Doe4423
Jane,Doe4424
John,Doe4425
Jane,Doe4426
John,Doe4427
Jane,Doe4428
John,Doe4429
Jane,Doe4430
John,Doe4431
Jane,Doe4432
John,Doe4433
Jane,Doe4434
John,Doe4435
Jane,Doe4436
John,Doe4437
Jane,Doe4438
John,Doe4439
Jane,Doe4440
John,Doe4441
Jane,Doe4442
John,Doe4443
Jane,Doe4444
John,Doe4445
Jane,Doe4446
John,Doe4447
Jane,Doe4448
John,Doe4449
Jane,Doe4450
John,Doe4451
Jane,Doe4452
John,Doe4453
Jane,Doe4454
John,Doe4455
Jane,Doe4456
John,Doe4457
Jane,Doe4458
John,Doe4459
Jane,Doe4460
John,Doe4461
Jane,Doe4462
John,Doe4463
Jane,Doe4464
John,Doe4465
Jane,Doe4466
John,Doe4467
Jane,Doe4468
John,Doe4469
Jane,Doe4470
John,Doe4471
Jane,Doe4472
John,Doe4473
Jane,Doe4474
John,Doe4475
Jane,Doe4476
John,Doe4477
Jane,Doe4478
John,Doe4479
Jane,Doe4480
John,Doe4481
Jane,Doe4482
John,Doe4483
Jane,Doe4484
John,Doe4485
Jane,Doe4486
John,Doe4487
Jane,Doe4488
John,Doe4489
Jane,Doe4490
John,Doe4491
Jane,Doe4492
John,Doe4493
Jane,Doe4494
John,Doe4495
Jane,Doe4496
John,Doe4497
Jane,Doe4498
John,Doe4499
Jane,Doe4500
John,Doe4501
Jane,Doe4502
John,Doe4503
Jane,Doe4504
John,Doe4505
Jane,Doe4506
John,Doe4507
Jane,Doe4508
John,Doe4509
Jane,Doe4510
John,Doe4511
Jane,Doe4512
John,Doe4513
Jane,Doe4514
John,Doe4515
Jane,Doe4516
John,Doe4517
Jane,Doe4518
John,Doe4519
Jane,Doe4520
John,Doe4521
Jane,Doe4522
John,Doe4523
Jane,Doe4524
John,Doe4525
Jane,Doe4526
John,Doe4527
John,Doe4528
Jane,Doe4529
John,Doe4530
Jane,Doe4531
John,Doe4532
Jane,Doe4533
John,Doe4534
Jane,Doe4535
John,Doe4536
Jane,Doe4537
John,Doe4538
Jane,Doe4539
John,Doe4540
Jane,Doe4541
John,Doe4542
Jane,Doe4543
John,Doe4544
Jane,Doe4545
John,Doe4546
Jane,Doe4547
John,Doe4548
Jane,Doe4549
John,Doe4550
Jane,Doe4551
John,Doe4552
Jane,Doe4553
John,Doe4554
Jane,Doe4555
John,Doe4556
Jane,Doe4557
John,Doe4558
Jane,Doe4559
John,Doe4560
Jane,Doe4561
John,Doe4562
Jane,Doe4563
John,Doe4564
John,Doe4565
Jane,Doe4566
John,Doe4567
Jane,Doe4568
John,Doe4569
Jane,Doe4570
John,Doe4571
Jane,Doe4572
John,Doe4573
Jane,Doe4574
John,Doe4575
Jane,Doe4576
John,Doe4577
Jane,Doe4578
John,Doe4579
Jane,Doe4580
John,Doe4581
Jane,Doe4582
John,Doe4583
Jane,Doe4584
John,Doe4585
Jane,Doe4586
John,Doe4587
Jane,Doe4588
John,Doe4589
Jane,Doe4590
John,Doe4591
Jane,Doe4592
John,Doe4593
Jane,Doe4594
John,Doe4595
Jane,Doe4596
John,Doe4597
Jane,Doe4598
John,Doe4599
Jane,Doe4600
John,Doe4601
John,Doe4602
Jane,Doe4603
John,Doe4604
Jane,Doe4605
John,Doe4606
Jane,Doe4607
John,Doe4608
Jane,Doe4609
John,Doe4610
Jane,Doe4611
John,Doe4612
Jane,Doe4613
John,Doe4614
Jane,Doe4615
John,Doe4616
Jane,Doe4617
John,Doe4618
Jane,Doe4619
John,Doe4620
Jane,Doe4621
John,Doe4622
Jane,Doe4623
John,Doe4624
Jane,Doe4625
John,Doe4626
Jane,Doe4627
John,Doe4628
Jane,Doe4629
John,Doe4630
Jane,Doe4631
John,Doe4632
Jane,Doe4633
John,Doe4634
Jane,Doe4635
John,Doe4636
Jane,Doe4637
John,Doe4638
John,Doe4639
Jane,Doe4640
John,Doe4641
Jane,Doe4642
John,Doe4643
Jane,Doe4644
John,Doe4645
Jane,Doe4646
John,Doe4647
Jane,Doe4648
John,Doe4649
Jane,Doe4650
John,Doe4651
Jane,Doe4652
John,Doe4653
Jane,Doe4654
John,Doe4655
Jane,Doe4656
John,Doe4657
Jane,Doe4658
John,Doe4659
Jane,Doe4660
John,Doe4661
Jane,Doe4662
John,Doe4663
Jane,Doe4664
John,Doe4665
Jane,Doe4666
John,Doe4667
Jane,Doe4668
John,Doe4669
Jane,Doe4670
John,Doe4671
Jane,Doe4672
John,Doe4673
Jane,Doe4674
John,Doe4675
John,Doe4676
Jane,Doe4677
John,Doe4678
Jane,Doe4679
John,Doe4680
Jane,Doe4681
John,Doe4682
Jane,Doe4683
John,Doe4684
Jane,Doe4685
John,Doe4686
Jane,Doe4687
John,Doe4688
Jane,Doe4689
John,Doe4690
Jane,Doe4691
John,Doe4692
Jane,Doe4693
John,Doe4694
Jane,Doe4695
John,Doe4696
Jane,Doe4697
John,Doe4698
Jane,Doe4699
John,Doe4700
Jane,Doe4701
John,Doe4702
Jane,Doe4703
John,Doe4704
Jane,Doe4705
John,Doe4706
Jane,Doe4707
John,Doe4708
Jane,Doe4709
John,Doe4710
Jane,Doe4711
John,Doe4712
John,Doe4713
Jane,Doe4714
John,Doe4715
Jane,Doe4716
John,Doe4717
Jane,Doe4718
John,Doe4719
Jane,Doe4720
John,Doe4721
Jane,Doe4722
John,Doe4723
Jane,Doe4724
John,Doe4725
Jane,Doe4726
John,Doe4727
Jane,Doe4728
John,Doe4729
Jane,Doe4730
John,Doe4731
Jane,Doe4732
John,Doe4733
Jane,Doe4734
John,Doe4735
Jane,Doe4736
John,Doe4737
Jane,Doe4738
John,Doe4739
Jane,Doe4740
John,Doe4741
Jane,Doe4742
John,Doe4743
Jane,Doe4744
John,Doe4745
Jane,Doe4746
John,Doe4747
Jane,Doe4748
John,Doe4749
John,Doe4750
Jane,Doe4751
John,Doe4752
Jane,Doe4753
John,Doe4754
Jane,Doe4755
John,Doe4756
Jane,Doe4757
John,Doe4758
Jane,Doe4759
John,Doe4760
Jane,Doe4761
John,Doe4762
Jane,Doe4763
John,Doe4764
Jane,Doe4765
John,Doe4766
Jane,Doe4767
John,Doe4768
Jane,Doe4769
John,Doe4770
Jane,Doe4771
John,Doe4772
Jane,Doe4773
John,Doe4774
Jane,Doe4775
John,Doe4776
Jane,Doe4777
John,Doe4778
Jane,Doe4779
John,Doe4780
Jane,Doe4781
John,Doe4782
Jane,Doe4783
John,Doe4784
Jane,Doe4785
John,Doe4786
Jane,Doe4787
John,Doe4788
Jane,Doe4789
John,Doe4790
Jane,Doe4791
John,Doe4792
Jane,Doe4793
John,Doe4794
Jane,Doe4795
John,Doe4796
Jane,Doe4797
John,Doe4798
Jane,Doe4799
John,Doe4800
Jane,Doe4801
John,Doe4802
Jane,Doe4803
John,Doe4804
Jane,Doe4805
John,Doe4806
Jane,Doe4807
John,Doe4808
Jane,Doe4809
John,Doe4810
Jane,Doe4811
John,Doe4812
Jane,Doe4813
John,Doe4814
Jane,Doe4815
John,Doe4816
Jane,Doe4817
John,Doe4818
Jane,Doe4819
John,Doe4820
Jane,Doe4821
John,Doe4822
Jane,Doe4823
John,Doe4824
Jane,Doe4825
John,Doe4826
Jane,Doe4827
John,Doe4828
Jane,Doe4829
John,Doe4830
Jane,Doe4831
John,Doe4832
Jane,Doe4833
John,Doe4834
Jane,Doe4835
John,Doe4836
Jane,Doe4837
John,Doe4838
Jane,Doe4839
John,Doe4840
Jane,Doe4841
John,Doe4842
Jane,Doe4843
John,Doe4844
Jane,Doe4845
John,Doe4846
Jane,Doe4847
John,Doe4848
Jane,Doe4849
John,Doe4850
Jane,Doe4851
John,Doe4852
Jane,Doe4853
John,Doe4854
Jane,Doe4855
John,Doe4856
Jane,Doe4857
John,Doe4858
Jane,Doe4859
John,Doe4860
Jane,Doe4861
John,Doe4862
Jane,Doe4863
John,Doe4864
Jane,Doe4865
John,Doe4866
Jane,Doe4867
John,Doe4868
Jane,Doe4869
John,Doe4870
Jane,Doe4871
John,Doe4872
Jane,Doe4873
John,Doe4874
Jane,Doe4875
John,Doe4876
Jane,Doe4877
John,Doe4878
Jane,Doe4879
John,Doe4880
Jane,Doe4881
John,Doe4882
Jane,Doe4883
John,Doe4884
Jane,Doe4885
John,Doe4886
Jane,Doe4887
John,Doe4888
Jane,Doe4889
John,Doe4890
Jane,Doe4891
John,Doe4892
Jane,Doe4893
John,Doe4894
Jane,Doe4895
John,Doe4896
Jane,Doe4897
John,Doe4898
Jane,Doe4899
John,Doe4900
Jane,Doe4901
John,Doe4902
Jane,Doe4903
John,Doe4904
Jane,Doe4905
John,Doe4906
Jane,Doe4907
John,Doe4908
Jane,Doe4909
John,Doe4910
Jane,Doe4911
John,Doe4912
Jane,Doe4913
John,Doe4914
Jane,Doe4915
John,Doe4916
Jane,Doe4917
John,Doe4918
Jane,Doe4919
John,Doe4920
Jane,Doe4921
John,Doe4922
Jane,Doe4923
John,Doe4924
Jane,Doe4925
John,Doe4926
Jane,Doe4927
John,Doe4928
Jane,Doe4929
John,Doe4930
Jane,Doe4931
John,Doe4932
Jane,Doe4933
John,Doe4934
Jane,Doe4935
John,Doe4936
Jane,Doe4937
John,Doe4938
Jane,Doe4939
John,Doe4940
Jane,Doe4941
John,Doe4942
Jane,Doe4943
John,Doe4944
Jane,Doe4945
John,Doe4946
Jane,Doe4947
John,Doe4948
Jane,Doe4949
John,Doe4950
Jane,Doe4951
John,Doe4952
Jane,Doe4953
John,Doe4954
Jane,Doe4955
John,Doe4956
Jane,Doe4957
John,Doe4958
Jane,Doe4959
John,Doe4960
Jane,Doe4961
John,Doe4962
Jane,Doe4963
John,Doe4964
Jane,Doe4965
John,Doe4966
Jane,Doe4967
John,Doe4968
Jane,Doe4969
John,Doe4970
Jane,Doe4971
John,Doe4972
Jane,Doe4973
John,Doe4974
Jane,Doe4975
John,Doe4976
Jane,Doe4977
John,Doe4978
Jane,Doe4979
John,Doe4980
Jane,Doe4981
John,Doe4982
Jane,Doe4983
John,Doe4984
Jane,Doe4985
John,Doe4986
Jane,Doe4987
John,Doe4988
Jane,Doe4989
John,Doe4990
Jane,Doe4991
John,Doe4992
Jane,Doe4993
John,Doe4994
Jane,Doe4995
John,Doe4996
Jane,Doe4997
John,Doe4998
Jane,Doe4999
John,Doe5000
Jane,Doe5001
John,Doe5002
John,Doe5003
Jane,Doe5004
John,Doe5005
Jane,Doe5006
John,Doe5007
Jane,Doe5008
John,Doe5009
Jane,Doe5010
John,Doe5011
Jane,Doe5012
John,Doe5013
Jane,Doe5014
John,Doe5015
Jane,Doe5016
John,Doe5017
Jane,Doe5018
John,Doe5019
Jane,Doe5020
John,Doe5021
Jane,Doe5022
John,Doe5023
Jane,Doe5024
John,Doe5025
Jane,Doe5026
John,Doe5027
Jane,Doe5028
John,Doe5029
Jane,Doe5030
John,Doe5031
Jane,Doe5032
John,Doe5033
Jane,Doe5034
John,Doe5035
Jane,Doe5036
John,Doe5037
Jane,Doe5038
John,Doe5039
John,Doe5040
Jane,Doe5041
John,Doe5042
Jane,Doe5043
John,Doe5044
Jane,Doe5045
John,Doe5046
Jane,Doe5047
John,Doe5048
Jane,Doe5049
John,Doe5050
Jane,Doe5051
John,Doe5052
Jane,Doe5053
John,Doe5054
Jane,Doe5055
John,Doe5056
Jane,Doe5057
John,Doe5058
Jane,Doe5059
John,Doe5060
Jane,Doe5061
John,Doe5062
Jane,Doe5063
John,Doe5064
Jane,Doe5065
John,Doe5066
Jane,Doe5067
John,Doe5068
Jane,Doe5069
John,Doe5070
Jane,Doe5071
John,Doe5072
Jane,Doe5073
John,Doe5074
Jane,Doe5075
John,Doe5076
John,Doe5077
Jane,Doe5078
John,Doe5079
Jane,Doe5080
John,Doe5081
Jane,Doe5082
John,Doe5083
Jane,Doe5084
John,Doe5085
Jane,Doe5086
John,Doe5087
Jane,Doe5088
John,Doe5089
Jane,Doe5090
John,Doe5091
Jane,Doe5092
John,Doe5093
Jane,Doe5094
John,Doe5095
Jane,Doe5096
John,Doe5097
Jane,Doe5098
John,Doe5099
Jane,Doe5100
John,Doe5101
Jane,Doe5102
John,Doe5103
Jane,Doe5104
John,Doe5105
Jane,Doe5106
John,Doe5107
Jane,Doe5108
John,Doe5109
Jane,Doe5110
John,Doe5111
Jane,Doe5112
John,Doe5113
John,Doe5114
Jane,Doe5115
John,Doe5116
Jane,Doe5117
John,Doe5118
Jane,Doe5119
John,Doe5120
Jane,Doe5121
John,Doe5122
Jane,Doe5123
John,Doe5124
Jane,Doe5125
John,Doe5126
Jane,Doe5127
John,Doe5128
Jane,Doe5129
John,Doe5130
Jane,Doe5131
John,Doe5132
Jane,Doe5133
John,Doe5134
Jane,Doe5135
John,Doe5136
Jane,Doe5137
John,Doe5138
Jane,Doe5139
John,Doe5140
Jane,Doe5141
John,Doe5142
Jane,Doe5143
John,Doe5144
Jane,Doe5145
John,Doe5146
Jane,Doe5147
John,Doe5148
Jane,Doe5149
John,Doe5150
John,Doe5151
Jane,Doe5152
John,Doe5153
Jane,Doe5154
John,Doe5155
Jane,Doe5156
John,Doe5157
Jane,Doe5158
John,Doe5159
Jane,Doe5160
John,Doe5161
Jane,Doe5162
John,Doe5163
Jane,Doe5164
John,Doe5165
Jane,Doe5166
John,Doe5167
Jane,Doe5168
John,Doe5169
Jane,Doe5170
John,Doe5171
Jane,Doe5172
John,Doe5173
Jane,Doe5174
John,Doe5175
Jane,Doe5176
John,Doe5177
Jane,Doe5178
John,Doe5179
Jane,Doe5180
John,Doe5181
Jane,Doe5182
John,Doe5183
Jane,Doe5184
John,Doe5185
Jane,Doe5186
John,Doe5187
John,Doe5188
Jane,Doe5189
John,Doe5190
Jane,Doe5191
John,Doe5192
Jane,Doe5193
John,Doe5194
Jane,Doe5195
John,Doe5196
Jane,Doe5197
John,Doe5198
Jane,Doe5199
John,Doe5200
Jane,Doe5201
John,Doe5202
Jane,Doe5203
John,Doe5204
Jane,Doe5205
John,Doe5206
Jane,Doe5207
John,Doe5208
Jane,Doe5209
John,Doe5210
Jane,Doe5211
John,Doe5212
Jane,Doe5213
John,Doe5214
Jane,Doe5215
John,Doe5216
Jane,Doe5217
John,Doe5218
Jane,Doe5219
John,Doe5220
Jane,Doe5221
John,Doe5222
Jane,Doe5223
John,Doe5224
John,Doe5225
Jane,Doe5226
John,Doe5227
Jane,Doe5228
John,Doe5229
Jane,Doe5230
John,Doe5231
Jane,Doe5232
John,Doe5233
Jane,Doe5234
John,Doe5235
Jane,Doe5236
John,Doe5237
Jane,Doe5238
John,Doe5239
Jane,Doe5240
John,Doe5241
Jane,Doe5242
John,Doe5243
Jane,Doe5244
John,Doe5245
Jane,Doe5246
John,Doe5247
Jane,Doe5248
John,Doe5249
Jane,Doe5250
John,Doe5251
Jane,Doe5252
John,Doe5253
Jane,Doe5254
John,Doe5255
Jane,Doe5256
John,Doe5257
Jane,Doe5258
John,Doe5259
Jane,Doe5260
John,Doe5261
Jane,Doe5262
John,Doe5263
Jane,Doe5264
John,Doe5265
Jane,Doe5266
John,Doe5267
Jane,Doe5268
John,Doe5269
Jane,Doe5270
John,Doe5271
Jane,Doe5272
John,Doe5273
Jane,Doe5274
John,Doe5275
Jane,Doe5276
John,Doe5277
Jane,Doe5278
John,Doe5279
Jane,Doe5280
John,Doe5281
Jane,Doe5282
John,Doe5283
Jane,Doe5284
John,Doe5285
Jane,Doe5286
John,Doe5287
Jane,Doe5288
John,Doe5289
Jane,Doe5290
John,Doe5291
Jane,Doe5292
John,Doe5293
Jane,Doe5294
John,Doe5295
Jane,Doe5296
John,Doe5297
Jane,Doe5298
John,Doe5299
Jane,Doe5300
John,Doe5301
Jane,Doe5302
John,Doe5303
Jane,Doe5304
John,Doe5305
Jane,Doe5306
John,Doe5307
Jane,Doe5308
John,Doe5309
Jane,Doe5310
John,Doe5311
Jane,Doe5312
John,Doe5313
Jane,Doe5314
John,Doe5315
Jane,Doe5316
John,Doe5317
Jane,Doe5318
John,Doe5319
Jane,Doe5320
John,Doe5321
Jane,Doe5322
John,Doe5323
Jane,Doe5324
John,Doe5325
Jane,Doe5326
John,Doe5327
Jane,Doe5328
John,Doe5329
Jane,Doe5330
John,Doe5331
Jane,Doe5332
John,Doe5333
Jane,Doe5334
John,Doe5335
Jane,Doe5336
John,Doe5337
Jane,Doe5338
John,Doe5339
Jane,Doe5340
John,Doe5341
Jane,Doe5342
John,Doe5343
Jane,Doe5344
John,Doe5345
Jane,Doe5346
John,Doe5347
Jane,Doe5348
John,Doe5349
Jane,Doe5350
John,Doe5351
Jane,Doe5352
John,Doe5353
Jane,Doe5354
John,Doe5355
Jane,Doe5356
John,Doe5357
Jane,Doe5358
John,Doe5359
Jane,Doe5360
John,Doe5361
Jane,Doe5362
John,Doe5363
Jane,Doe5364
John,Doe5365
Jane,Doe5366
John,Doe5367
Jane,Doe5368
John,Doe5369
Jane,Doe5370
John,Doe5371
Jane,Doe5372
John,Doe5373
Jane,Doe5374
John,Doe5375
Jane,Doe5376
John,Doe5377
Jane,Doe5378
John,Doe5379
Jane,Doe5380
John,Doe5381
Jane,Doe5382
John,Doe5383
Jane,Doe5384
John,Doe5385
Jane,Doe5386
John,Doe5387
Jane,Doe5388
John,Doe5389
Jane,Doe5390
John,Doe5391
Jane,Doe5392
John,Doe5393
Jane,Doe5394
John,Doe5395
Jane,Doe5396
John,Doe5397
Jane,Doe5398
John,Doe5399
Jane,Doe5400
John,Doe5401
Jane,Doe5402
John,Doe5403
Jane,Doe5404
John,Doe5405
Jane,Doe5406
John,Doe5407
Jane,Doe5408
John,Doe5409
Jane,Doe5410
John,Doe5411
Jane,Doe5412
John,Doe5413
Jane,Doe5414
John,Doe5415
Jane,Doe5416
John,Doe5417
Jane,Doe5418
John,Doe5419
Jane,Doe5420
John,Doe5421
Jane,Doe5422
John,Doe5423
Jane,Doe5424
John,Doe5425
Jane,Doe5426
John,Doe5427
Jane,Doe5428
John,Doe5429
Jane,Doe5430
John,Doe5431
Jane,Doe5432
John,Doe5433
Jane,Doe5434
John,Doe5435
Jane,Doe5436
John,Doe5437
Jane,Doe5438
John,Doe5439
Jane,Doe5440
John,Doe5441
Jane,Doe5442
John,Doe5443
Jane,Doe5444
John,Doe5445
Jane,Doe5446
John,Doe5447
Jane,Doe5448
John,Doe5449
Jane,Doe5450
John,Doe5451
Jane,Doe5452
John,Doe5453
Jane,Doe5454
John,Doe5455
Jane,Doe5456
John,Doe5457
Jane,Doe5458
John,Doe5459
Jane,Doe5460
John,Doe5461
Jane,Doe5462
John,Doe5463
Jane,Doe5464
John,Doe5465
Jane,Doe5466
John,Doe5467
Jane,Doe5468
John,Doe5469
Jane,Doe5470
John,Doe5471
Jane,Doe5472
John,Doe5473
Jane,Doe5474
John,Doe5475
Jane,Doe5476
John,Doe5477
John,Doe5478
Jane,Doe5479
John,Doe5480
Jane,Doe5481
John,Doe5482
Jane,Doe5483
John,Doe5484
Jane,Doe5485
John,Doe5486
Jane,Doe5487
John,Doe5488
Jane,Doe5489
John,Doe5490
Jane,Doe5491
John,Doe5492
Jane,Doe5493
John,Doe5494
Jane,Doe5495
John,Doe5496
Jane,Doe5497
John,Doe5498
Jane,Doe5499
John,Doe5500
Jane,Doe5501
John,Doe5502
Jane,Doe5503
John,Doe5504
Jane,Doe5505
John,Doe5506
Jane,Doe5507
John,Doe5508
Jane,Doe5509
John,Doe5510
Jane,Doe5511
John,Doe5512
Jane,Doe5513
John,Doe5514
John,Doe5515
Jane,Doe5516
John,Doe5517
Jane,Doe5518
John,Doe5519
Jane,Doe5520
John,Doe5521
Jane,Doe5522
John,Doe5523
Jane,Doe5524
John,Doe5525
Jane,Doe5526
John,Doe5527
Jane,Doe5528
John,Doe5529
Jane,Doe5530
John,Doe5531
Jane,Doe5532
John,Doe5533
Jane,Doe5534
John,Doe5535
Jane,Doe5536
John,Doe5537
Jane,Doe5538
John,Doe5539
Jane,Doe5540
John,Doe5541
Jane,Doe5542
John,Doe5543
Jane,Doe5544
John,Doe5545
Jane,Doe5546
John,Doe5547
Jane,Doe5548
John,Doe5549
Jane,Doe5550
John,Doe5551
John,Doe5552
Jane,Doe5553
John,Doe5554
Jane,Doe5555
John,Doe5556
Jane,Doe5557
John,Doe5558
Jane,Doe5559
John,Doe5560
Jane,Doe5561
John,Doe5562
Jane,Doe5563
John,Doe5564
Jane,Doe5565
John,Doe5566
Jane,Doe5567
John,Doe5568
Jane,Doe5569
John,Doe5570
Jane,Doe5571
John,Doe5572
Jane,Doe5573
John,Doe5574
Jane,Doe5575
John,Doe5576
Jane,Doe5577
John,Doe5578
Jane,Doe5579
John,Doe5580
Jane,Doe5581
John,Doe5582
Jane,Doe5583
John,Doe5584
Jane,Doe5585
John,Doe5586
Jane,Doe5587
John,Doe5588
John,Doe5589
Jane,Doe5590
John,Doe5591
Jane,Doe5592
John,Doe5593
Jane,Doe5594
John,Doe5595
Jane,Doe5596
John,Doe5597
Jane,Doe5598
John,Doe5599
Jane,Doe5600
John,Doe5601
Jane,Doe5602
John,Doe5603
Jane,Doe5604
John,Doe5605
Jane,Doe5606
John,Doe5607
Jane,Doe5608
John,Doe5609
Jane,Doe5610
John,Doe5611
Jane,Doe5612
John,Doe5613
Jane,Doe5614
John,Doe5615
Jane,Doe5616
John,Doe5617
Jane,Doe5618
John,Doe5619
Jane,Doe5620
John,Doe5621
Jane,Doe5622
John,Doe5623
Jane,Doe5624
John,Doe5625
John,Doe5626
Jane,Doe5627
John,Doe5628
Jane,Doe5629
John,Doe5630
Jane,Doe5631
John,Doe5632
Jane,Doe5633
John,Doe5634
Jane,Doe5635
John,Doe5636
Jane,Doe5637
John,Doe5638
Jane,Doe5639
John,Doe5640
Jane,Doe5641
John,Doe5642
Jane,Doe5643
John,Doe5644
Jane,Doe5645
John,Doe5646
Jane,Doe5647
John,Doe5648
Jane,Doe5649
John,Doe5650
Jane,Doe5651
John,Doe5652
Jane,Doe5653
John,Doe5654
Jane,Doe5655
John,Doe5656
Jane,Doe5657
John,Doe5658
Jane,Doe5659
John,Doe5660
Jane,Doe5661
John,Doe5662
John,Doe5663
Jane,Doe5664
John,Doe5665
Jane,Doe5666
John,Doe5667
Jane,Doe5668
John,Doe5669
Jane,Doe5670
John,Doe5671
Jane,Doe5672
John,Doe5673
Jane,Doe5674
John,Doe5675
Jane,Doe5676
John,Doe5677
Jane,Doe5678
John,Doe5679
Jane,Doe5680
John,Doe5681
Jane,Doe5682
John,Doe5683
Jane,Doe5684
John,Doe5685
Jane,Doe5686
John,Doe5687
Jane,Doe5688
John,Doe5689
Jane,Doe5690
John,Doe5691
Jane,Doe5692
John,Doe5693
Jane,Doe5694
John,Doe5695
Jane,Doe5696
John,Doe5697
Jane,Doe5698
John,Doe5699